Obs,Cust,D1.1,D1.2,D1.3,D1.4,D2.1,D2.2,D2.3,D2.4,D2.5,D2.6,D3.1,D3.2,D3.3,D3.4,D3.5,D4.1,D4.2,D4.3,D4.4,D4.5,D4.6,D4.7,D4.8,D4.9,D4.10,D5,D6,D7,D8,D9.1,D9.2,D9.3,D10.1,D10.2,D10.3,D10.4,D10.5,D10.6,D10.7,D10.8,D11.1,D11.2,D11.3,D11.4,D11.5,D11.6,D11.7,D11.8,D11.9,D11.10,D11.11,D12.1,D12.2,D12.3,D12.4,D12.5,D12.6,D12.7,D12.8,D12.9,D12.10,D12.11,D12.12,D12.13,D12.14,D12.15,D12.16,D12.17,D12.18,D13,D14.1,D14.2,D14.3,D14.4,D14.5,D14.6,D14.7,D15.1,D15.2,D15.3,D15.4,D15.5,D15.6,D15.7,D16,D17.1,D17.2,D17.3,D17.4,D17.5,D17.6,D17.7,D18.1,D18.2,D18.3,D18.4,D18.5,D18.6,D18.7,D18.8,D18.9,D18.10
2,0,1,2,3,2,,,,,,,,,,,,,,,,,,,,,,,,,,,,,,,,,,,,,,,,,,,,,,,,,,,,,,,,,,,,,,,,,,,,,,,,,,,,,,,,,,,,,,,,,,,,,,,,,,
3,0,1,3,3,2,2,6,,,2,,Applebees,Subways,Papa Johns,Johnny Rocket,McDonalds,2,1,1,2,1,1,1,1,3,,1,1,1,2,,,1,,,,,,6,,,,,,,,6,,,,10,,,,,,5,,,,,,,12,,14,15,,,,1,,,,,,,,,,,,,,,,,,,,,,,,,,,,,,,,
4,0,2,4,3,2,5,5,1,1,2,,Casa Grande,Chic-fila,Jade,Texas Roadhouse,Plaza Ateza,1,2,1,2,1,1,1,1,1,,1,3,2,1,,,,,,,,,,7,,,,,,,,7,8,,10,,,,,,,,,,,,,,,,15,,,,3,1,2,,4,,,,,,,,,,,,,,,,,,,,,,,,,,,,
5,0,2,4,1,2,4,5,1,1,1,,Kentucky,Burger King,Wendys,McDonalds,,1,1,1,2,1,2,4,4,5,,1,2,1,1,0,0,0,,,,,,,7,insurance customer service,,,,,,,,,,,,,,,,5,,,,,,,,,,,,,"walking, internet",5,1,,,,,6,,,,,,,,,,,,,,,,,,,,,,,,,,
10,0,2,4,2,3,7,1,1,1,1,,Buffalo Wild Wings,Mexican,Sonic,Marios,Mcds,1,1,1,2,1,1,1,1,3,,1,1,1,2,1,0,4,,,,,,,7,,,,,,,,,,,,Baseball,,,,,,,,,9,,,,,,15,,,Volleyball,1,,,,,,,,,,,,,,,,,,,,,,,,,,,,,,,,
12,0,2,4,2,1,,,,,,,,,,,,,,,,,,,,,,,,,,,,,,,,,,,,,,,,,,,,,,,,,,,,,,,,,,,,,,,,,,,,,,,,,,,,,,,,,,,,,,,,,,,,,,,,,,
13,0,2,2,3,3,3,6,1,1,1,,sino-american,anna's italian kitchen & restaurant,cracker barrel,olive garden,,1,1,1,1,1,2,2,1,3,,1,3,1,2,0,0,1,,,,,,,7,customer service,,,,,,6,7,8,,,,,,,,,6,,8,,,,,,,,,,"various crafts like knitting, crocheting, sewing",5,1,,,4,,,,,,,,,,,,,,,,,,,,,,,,,,,,
17,0,1,2,1,1,1,3,1,4,1,,McDonalds,Subway,Chick-fil-a,Mexico Resturant,Pizza Hut,1,2,1,1,1,2,2,1,2,,1,2,2,3,2,1,,,,,4,,,,Healthcare,,,,,,6,,8,9,10,,,,,,,,,,,,,,,14,15,,17,,2,1,2,3,,,,,,,,,,,,,,,,,,,,,,,,,,,,,
18,0,3,3,2,3,6,1,1,2,3,,pizza hut,dragon garden,marrios pizza,mcdonalds,mcdonalds,1,1,1,1,1,1,1,1,1,,1,2,1,2,two,none,none,,,,,,6,,stay at home mom,,,,,,6,,8,,,"walking, excercise class",,,,,,,,,,,,,,,,,17,"walking ,excercise class",3,,2,,,,6,,,,,,,,,,,,,,,,,,,,,,,,,,
20,0,1,4,3,2,,,,,,,,,,,,,,,,,,,,,,,,,,,,,,,,,,,,,,,,,,,,,,,,,,,,,,,,,,,,,,,,,,,,,,,,,,,,,,,,,,,,,,,,,,,,,,,,,,
21,0,2,4,2,2,5,2,1,2,2,,Olive Garden,Bulls,McDonalds,,,1,1,1,3,1,1,1,1,3,,1,2,2,1,non,none,none,,,,,5,6,,,,,,,,,,,,,,,,,,,,,,,,,,,14,,,,,3,,2,3,4,5,,,,,,,,,,,,,,,,,,,,,,,,,,,
22,0,2,4,2,3,3,5,1,2,1,,wendys,arbys,simons cafe food cart,christophers run away gourmet food cart,mcdonalds,1,2,2,3,1,2,3,2,2,,1,2,2,2,2,0,0,,,,,,,7,administrative assistant,,2,,,,,,,,,basketball,,,,4,,,,,,10,,,,14,,,17,,2,1,,,4,,,,,,,,,,,,,,,,,,,,,,,,,,,,
24,0,1,4,2,1,,,,,,,,,,,,,,,,,,,,,,,,,,,,,,,,,,,,,,,,,,,,,,,,,,,,,,,,,,,,,,,,,,,,,,,,,,,,,,,,,,,,,,,,,,,,,,,,,,
25,0,2,3,2,2,6,5,3,2,3,,n/a,n/a,n/a,n/a,n/a,3,4,2,1,1,2,2,1,3,,2,1,2,1,0,0,0,,,,,,,7,,,,,,,,,,,,,1,,,,5,6,,,,,11,,,,,,,,1,,,,,,,,,,,,,,,,,,,,,,,,,,,,,,,,
26,0,1,3,2,1,5,5,1,1,1,,applebees,chilis,ruby tuesdays,fridays,chipotle,1,2,2,2,1,1,2,1,2,,2,3,3,2,0,0,1,,,,,,,7,,1,,3,,5,6,,8,,10,,1,2,3,,5,,7,8,9,10,11,,,14,15,16,17,,2,1,,,4,5,,,,,,,,,,,,,,,,,,,,,,,,,,,
28,0,2,4,2,1,,,,,,,,,,,,,,,,,,,,,,,,,,,,,,,,,,,,,,,,,,,,,,,,,,,,,,,,,,,,,,,,,,,,,,,,,,,,,,,,,,,,,,,,,,,,,,,,,,
29,0,2,2,1,2,6,1,1,3,1,,Continental,Chili's,Blue Goat,Roosevelt,Lemaire,2,2,2,2,1,2,2,1,1,,2,2,2,2,0,0,0,,,,,5,,,chef,,,,,,,,,,,no children,1,,,,5,,,,,,11,12,,14,,,,,2,1,,3,,,,,,,,,,,,,,,,,,,,,,,,,,,,,
30,0,2,4,2,2,2,1,1,1,1,,Hardees,Arbys,,,,1,1,1,5,1,1,1,1,3,,1,3,1,2,0,0,0,,,,,,6,,,,,,,,,,,,,,,,,,,,,,9,,,,,,,,,,2,,,,,,6,,,,,,,,,,,,,,,,,,,,,,,,,,
31,0,1,3,3,2,3,5,1,2,2,,Cheddars,Applebees,Chick Filet,McDonalds,Taco Bell,3,2,1,1,2,2,2,2,2,,2,3,2,2,0,0,0,,,,,5,,,,,,,,,,,,,,,,,3,,,,,8,,,,,,,,,,,2,1,,,4,,,,,,,,,,,,,,,,,,,,,,,,,,,,
32,0,2,2,1,2,3,5,1,1,2,,Golden Corral,,,,,1,1,1,2,1,1,1,1,1,,1,2,1,1,3,,,,,,,5,,,,,,,,,,,,9,,,,,,,,,,,,,,,,,,,17,,3,1,2,,,,,,,,,,,,,,,,,,,,,,,,,,,,,,
34,0,1,4,2,2,,,,,,,,,,,,,,,,,,,,,,,,,,,,,,,,,,,,,,,,,,,,,,,,,,,,,,,,,,,,,,,,,,,,,,,,,,,,,,,,,,,,,,,,,,,,,,,,,,
38,0,3,4,2,2,,,,,,,,,,,,,,,,,,,,,,,,,,,,,,,,,,,,,,,,,,,,,,,,,,,,,,,,,,,,,,,,,,,,,,,,,,,,,,,,,,,,,,,,,,,,,,,,,,
40,0,3,3,2,1,2,1,4,5,3,,Wendys,Mcdonalds,Burger King,T.G.I.Fridays,Golden Corral,2,2,1,1,1,1,2,2,2,,1,1,1,1,1,,,,,,4,,,,Fast food,,,,,,,,,,,,,,3,,,,,,,,,,,14,,,,,1,,,,,,,,,,,,,,,,,,,,,,,,,,,,,,,,
41,0,1,4,2,1,3,4,3,,,,don papa grande,outback,buffalo wild wings,applebees,,3,2,1,1,1,2,1,2,3,,1,3,2,2,,1/13/2014,,,,,,,,7,,,,3,,5,6,,8,,10,,,2,3,,,,,,,,,12,13,14,,,,,2,1,,,,,,,,,,,,,,,,,,,,,,,,,,,,,,,
42,0,1,3,2,1,7,6,1,1,1,,Panera,Texas Roadhouse,Red Robin,Plaza Azteca,China Taste,2,2,1,1,2,2,2,2,2,,1,2,2,2,1,0,0,,,,,5,,,,1,,,,,,,,9,,art,1,,,,5,,,,,,,,13,,15,,17,soccer,2,1,2,3,,5,,,,,,,,,,,,,,,,,,,,,,,,,,,
43,0,2,4,2,4,4,1,1,4,6,,Teasty Freeze,McDonalds,Burger King,Wendy's,Hardee's,1,1,1,2,1,1,1,1,2,Cleanliness,2,2,1,2,0,0,1,,,3,,,,,Private Security,,,,,,,,,,,,,,,4,,,,8,9,10,,,,14,,16,,Archrey,1,,,,,,,,,,,,,,,,,,,,,,,,,,,,,,,,
45,0,2,3,2,2,6,1,1,3,1,,Olive Garden,Lings Island,Charleys,Country Cooking,Weindy'sAr,2,2,2,1,1,2,1,1,2,Clean,,,,,,,,,,,,,,,,,,,,,,,,,,,,,,,,,,,,,,,,,,,,,,,,,,,,,,,,,,,,,,,,,,,,,,,,,,,,,
46,0,2,2,1,2,7,,,,,,McDonalds,KFC,Hardee's,Pizza Hut,Local Pizzeria,1,2,1,3,1,1,1,1,2,,1,2,1,1,0,0,0,,,,,,,7,Healthcare Nurse,,,,,,,,,,,No children,,,3,,,,,8,9,,,,,,,,,,1,,,,,,,,,,,,,,,,,,,,,,,,,,,,,,,,
48,0,4,3,2,2,,,,,,,,,,,,,,,,,,,,,,,,,,,,,,,,,,,,,,,,,,,,,,,,,,,,,,,,,,,,,,,,,,,,,,,,,,,,,,,,,,,,,,,,,,,,,,,,,,
49,0,1,2,1,2,3,2,5,3,3,,Starbucks,California Tortilla,Tokyo Sushi,Ruby Tuesday,Applebees,1,2,1,1,1,1,2,1,2,,1,2,3,2,0,0,0,,,,,,,7,,,,,,,,,,,,,1,,3,,,6,,,9,10,,,,14,15,16,,Group exercise and travel,2,,,3,4,5,6,,,,,,,,,,,,,,,,,,,,,,,,,,
50,0,2,3,2,2,6,1,1,2,2,,McDonald's,Wendy's,Olive Garden,Golden Corral,Arby's,1,1,1,2,1,1,1,1,3,,1,4,1,1,0,0,0,1,,,,,,,Retired,,,,,,,,,,,,1,,,,,,,8,,,,,,14,,,,,2,1,2,,4,,6,,,,,,,,,,,,,,,,,,,,,,,,,,
51,0,2,4,1,2,5,2,1,2,2,,Don Pedros,Chilis,Sticky Rice,Bo Dillaz,Penny Lane,2,2,2,2,1,2,2,2,2,,1,3,3,2,0,2,1,,,,,5,,,minister,,,,,,,,8,9,,,1,,,,,,,,,,,,,14,,16,,zumba,3,1,2,,,,,,,,,,,,,,,,,,,,,,,,,,,,,,
52,0,1,4,2,2,3,1,1,1,5,,Mcdonalds,hardees,5 guys,chipotle,7/11/2014,1,2,1,3,1,1,2,3,3,,2,1,1,1,0,2,0,,,,,,,7,,,,,,,,,8,,,,1,,,,,,,,9,,,,,,,,,,3,1,2,,4,5,,,,,,,,,,,,,,,,,,,,,,,,,,,
53,0,2,3,2,3,7,1,1,1,2,,McDonalds,Burger King,Dominos,,,1,2,2,4,2,3,3,1,5,,1,3,2,1,,,,,,,,,,7,,,,,,,,,,,,,,,,,,,,8,,,,,,,,,,,1,,,,,,,,,,,,,,,,,,,,,,,,,,,,,,,,
58,0,1,2,2,2,,,,,,,,,,,,,,,,,,,,,,,,,,,,,,,,,,,,,,,,,,,,,,,,,,,,,,,,,,,,,,,,,,,,,,,,,,,,,,,,,,,,,,,,,,,,,,,,,,
59,0,3,3,1,3,6,5,6,6,5,,mcdonalds,hardees,,,,1,2,2,2,1,1,2,2,2,,2,2,1,1,2,0,0,,,,,5,,,,1,2,,,,,,,,,,,2,,,,,,,,,,,,,,,,,4,,2,3,,,,,,,,,,,,,,,,,,,,,,,,,,,,,
60,0,1,4,2,2,4,1,3,,2,,Muddy Buck,Taco Bell,Stage Coach Saloon,Wendys,McDonalds,2,1,1,4,1,1,2,2,2,,1,3,1,1,0,0,0,,,,,,,7,Caregiver,,,,,,,,,,,N/A,1,,,,,6,,,,,,,13,14,,16,,attending fundraisers,1,,,,,,,,,,,,,,,,,,,,,,,,,,,,,,,,
61,0,2,4,2,4,5,1,1,1,3,,McDonalds,Costco food court,Cracker Barrel,Freda's (local Mexican restaurant),Chef Lee (local Chinese restaurant),2,2,1,2,2,1,2,1,2,,1,3,1,1,0,15,0,,,,,,6,,,,,,,,,,,,,"hunting, fishing, horseback riding, photography",1,,,,,6,,,,,11,,,,,16,,"exercise, cooking, crafts, photography",1,,,,,,,,,,,,,,,,,,,,,,,,,,,,,,,,
62,0,2,4,2,1,2,4,1,4,1,,Champps,Frank's Italian,Chianti,Arby's,Deep Run Roadhouse,2,2,1,5,1,2,2,2,3,,1,3,1,1,0,0,0,1,,,,,,,,,,,,,,,,,,,,,,,,,,,,,,,,14,,16,,,2,,2,,4,5,,,,,,,,,,,,,,,,,,,,,,,,,,,
63,0,2,4,2,2,6,1,1,2,3,,panera,ruby tuesday,fridays,crazy greek,bonefish,3,1,1,1,1,1,1,1,2,,1,4,2,1,0,0,4,,,,,,6,,,,,,,,,,,,,Don`t have children living at home,,,,,,6,,,9,,11,12,,,,,,,5,1,2,3,,5,,,,,,,,,,,,,,,,,,,,,,,,,,,
64,0,2,3,2,2,7,1,1,4,2,,McDonalds,Papa Johns,Popeys,Taco Bells,KFC,1,1,1,2,1,1,1,1,2,,1,3,1,2,3,0,0,,,,,,6,,,1,,,,,,,,,,,,,,,,,,,,,,,,14,,,17,,2,1,2,,4,5,,,,,,,,,,,,,,,,,,,,,,,,,,,
65,0,2,4,1,2,6,6,6,2,1,,;LKJB,;;lhbdsDBJ;SD,jbiks;,euoibe,bkj;s,2,1,1,1,1,2,2,2,3,,2,2,2,2,0,1,0,,,,,,,7,sercuity,,2,,,,,,,,,,1,,,,,,,,,,,,,,,,,,2,,2,,,,,,,,,,,,,,,,,,,,,,,,,,,,,,
67,0,2,2,3,4,,,,,,,,,,,,,,,,,,,,,,,,,,,,,,,,,,,,,,,,,,,,,,,,,,,,,,,,,,,,,,,,,,,,,,,,,,,,,,,,,,,,,,,,,,,,,,,,,,
68,0,2,2,2,2,3,2,2,2,3,,chick-fil-a,burger king,mcdonalds,subway,bojangles,1,1,1,2,1,2,2,1,5,,1,1,2,2,1,,,,,,,5,,,Student,,,,,,,,,,,Basketball,1,,,,,,,,,,11,,,,,16,,,2,1,2,,,5,,,,,,,,,,,,,,,,,,,,,,,,,,,
70,0,1,3,2,3,,,,,,,,,,,,,,,,,,,,,,,,,,,,,,,,,,,,,,,,,,,,,,,,,,,,,,,,,,,,,,,,,,,,,,,,,,,,,,,,,,,,,,,,,,,,,,,,,,
72,0,2,2,3,3,,,,,,,,,,,,,,,,,,,,,,,,,,,,,,,,,,,,,,,,,,,,,,,,,,,,,,,,,,,,,,,,,,,,,,,,,,,,,,,,,,,,,,,,,,,,,,,,,,
73,0,3,2,2,2,3,5,1,2,3,,Hardees',Chef Lee,Dairy Queen,,,1,1,1,3,1,2,2,1,3,,2,3,2,2,0,0,0,,,,,,,7,Web design / architecture,,,,,,,,,,,,,,,,,,,,,,,,13,,,,,Reading,3,1,,,4,,,,,,,,,,,,,,,,,,,,,,,,,,,,
75,0,1,3,2,2,7,1,1,1,1,,none,,,,,2,1,1,3,1,1,1,1,3,,,,,,,,,,,,,,,,,,,,,,,,,,,,,,,,,,,,,,,,,,,,,,,,,,,,,,,,,,,,,,,,,,,,,,,,,,,,,,
77,0,2,2,2,2,,,,,,,,,,,,,,,,,,,,,,,,,,,,,,,,,,,,,,,,,,,,,,,,,,,,,,,,,,,,,,,,,,,,,,,,,,,,,,,,,,,,,,,,,,,,,,,,,,
78,0,3,3,2,3,7,1,1,2,2,,Logan's,Cook Out,,,,3,1,1,2,1,1,1,2,2,,1,3,1,2,,1,1,,,,,,6,,,1,,,,,6,,,,,,,,,,,6,,8,9,,,12,,14,,,,,4,1,,,4,,,,,,,,,,,,,,,,,,,,,,,,,,,,
79,0,2,3,3,3,2,6,1,2,1,,Chick Fil A,Panera Bread,Hibachi Grill,Cracker Barrel,Firehouse Subs,2,3,2,4,1,3,3,2,3,,2,1,2,2,0,0,0,,,,,5,,,,,,,,,,,,,,,,,,,,,,,,,,,,14,15,,,Basketball,1,,,,,,,,,,,,,,,,,,,,,,,,,,,,,,,,
80,0,2,4,2,2,3,1,1,2,3,,kfc,burger king,macdonalds,subway,pizza hut,2,2,2,2,2,2,2,2,3,,1,3,1,1,1,0,1,,,,,,6,,,,,,,,,,,,,none,,,,,,,,,,,,,,14,,,,,2,1,,,4,,,,,,,,,,,,,,,,,,,,,,,,,,,,
82,0,2,2,2,1,,,,,,,,,,,,,,,,,,,,,,,,,,,,,,,,,,,,,,,,,,,,,,,,,,,,,,,,,,,,,,,,,,,,,,,,,,,,,,,,,,,,,,,,,,,,,,,,,,
87,0,3,2,2,2,2,1,1,1,7,,subway,top china,golding corral,chenellos,papa john,1,2,1,1,1,1,2,1,2,,1,2,1,2,,,,,,3,,,,,fast food,,,,,,6,,,,,my children dont live at home,,,,,,,,,,,,,13,,,,,I do arts and craft,1,,,,,,,,,,,,,,,,,,,,,,,,,,,,,,,,
88,0,2,3,4,2,7,7,7,1,3,,Red Lobster,,,,,2,1,1,2,1,1,1,1,2,,1,3,1,2,0,1,0,,,,,,6,,,,,,,5,,,8,,,,,,,,,,,8,9,10,,,,14,,,17,,5,,,,,,6,,,,,,,,,,,,,,,,,,,,,,,,,,
89,0,2,1,2,2,5,1,2,2,1,,Chick-fil-a,Jersey Mikes,Taco Bell,Chili's,McDonalds,1,2,1,2,1,1,1,1,3,,1,1,1,1,0,0,0,,,,,,6,,,,,,,,,,,,,No kids,1,2,3,,5,,,,,,,,,14,15,,17,,2,1,2,3,4,5,,,,,,,,,,,,,,,,,,,,,,,,,,,
90,0,3,2,2,2,4,1,1,4,1,,Cookout,Taco Bell,McDonalds,Chipotle,Sonic,1,1,1,2,1,2,2,1,2,,1,1,2,2,0,1,3,,,,,,6,,Student,,,,,,,,,,,,1,,,,5,6,,,,,,,,14,15,,,,1,,,,,,,,,,,,,,,,,,,,,,,,,,,,,,,,
91,0,2,3,1,1,7,1,1,1,4,,Starbucks,Chipotle,McDonald's,Trigris,Popeye's,2,2,2,2,1,1,1,1,3,,1,1,1,3,none,none,none,,,,,,6,,,,,,,,,,,,,,,,,,,,,8,9,10,,,,14,,16,,,1,,,,,,,,,,,,,,,,,,,,,,,,,,,,,,,,
92,0,2,2,3,2,7,1,1,2,1,,Long John Silver's,Subway,Little Caesar's,Captain Tom's,,2,1,1,2,1,1,2,1,2,,1,2,1,2,1,1,0,,,,,,6,,,,,,,5,,,8,,,,,,3,,,,,,,,,,,,,,17,,2,1,,,4,,6,,,,,,,,,,,,,,,,,,,,,,,,,,
93,0,2,4,2,2,7,1,1,2,1,,Ruby Tuesday,Johnny Rockets,Panera,Smokey Bones,Wendy's,2,1,1,2,2,2,3,2,3,,1,2,1,2,1,0,0,,,,,,6,,,,,,,,,,,,,,,,,,,,,,,,,,,14,,,,,2,1,2,,,,,,,,,,,,,,,,,,,,,,,,,,,,,,
94,0,1,2,3,1,4,1,1,1,5,,babes,galaly,,,,1,2,1,2,2,2,2,2,1,,1,3,1,1,0,0,0,,,,4,,,,,,,,,,6,,,,,,,,,,,6,,,,,,,,,,,,,1,,,,,,,,,,,,,,,,,,,,,,,,,,,,,,,,
95,0,1,2,2,1,7,2,2,3,3,,quiznos,chickn fila,ruby tuesdays,fridays,wendys,1,1,1,1,1,1,1,1,1,,1,2,1,2,3,,,,,,,,6,,,,,,,,,,,,,,,,,,,,,,,,,,,,,16,17,,2,,,,,,6,,,,,,,,,,,,,,,,,,,,,,,,,,
99,0,2,2,2,2,1,1,1,7,1,,Lamer Resturant,Lamer Resturant,Lamer Resturant,Lamer Resturant,Lamer Resturant,1,2,1,1,1,2,2,1,1,,1,3,1,1,0,0,0,1,,,4,5,6,7,,,,,,,,,,,,none,,,3,,,,7,,,,,12,13,14,,,,,5,,,,,5,,,,,,,,,,,,,,,,,,,,,,,,,,,
101,0,2,2,3,3,,,,,,,,,,,,,,,,,,,,,,,,,,,,,,,,,,,,,,,,,,,,,,,,,,,,,,,,,,,,,,,,,,,,,,,,,,,,,,,,,,,,,,,,,,,,,,,,,,
102,0,2,3,2,2,1,5,1,1,1,,Burger King,McDonald's,Wendy's,Captain Dee's,Red Lobster,1,2,1,2,1,2,2,2,2,,1,3,1,1,,,2,,,,,,,7,,,,,,,,,,,,Work,,,,,,,,,9,,,,,14,,,,,1,,,,,,,,,,,,,,,,,,,,,,,,,,,,,,,,
103,0,3,1,2,2,7,1,1,1,1,,Outback Steakhouse,,,,,1,1,1,2,1,1,2,1,2,,1,3,1,1,0,0,0,,,,,,6,,retired/disabled,,,,,,,,,,,,,,,,,,,,,,,,,14,,,,,1,,,,,,,,,,,,,,,,,,,,,,,,,,,,,,,,
104,0,4,3,1,1,1,1,1,5,2,,mcdonalds,wendys,hardees,ruby tuesdays,applebees,1,1,1,1,1,1,1,1,,,1,2,1,1,1,0,0,,,,,,,7,,,,,,,,7,,9,,,,,3,,5,,,,,,,,,,,,,,2,1,,,,,6,,,,,,,,,,,,,,,,,,,,,,,,,,
105,0,3,1,1,2,5,1,1,3,1,,McDonalds,Little Cesears,Panera,,,1,1,1,1,1,1,1,1,,,1,3,2,2,0,1,1,,,,,,6,,Student,,,,,5,6,7,8,,,,,,,,5,6,,,,,,,,14,,16,,"Painting, among other crafts.",3,,,,4,5,,,,,,,,,,,,,,,,,,,,,,,,,,,
106,0,2,1,4,3,5,1,1,3,6,,O'Charleys,McDonalds,Red Lobster,,,3,2,1,1,1,1,1,1,1,,2,4,1,2,,,,,,,4,,,,Photographer,,,,,,,,,,,,1,,,,,6,,8,,10,,12,,14,,,,Landscape photography,5,,,,4,,,,,,,,,,,,,,,,,,,,,,,,,,,,
107,0,1,2,2,1,6,1,1,3,1,,ihop,ocharleys,waffle house,chickfila,wendys,1,2,1,4,1,1,1,1,1,,1,1,2,2,0,0,3,,,,,,,7,retail,,,,,,,,,,,,,,,,,,,,,,,,,14,,,,shopping,2,1,,,4,,6,,,,,,,,,,,,,,,,,,,,,,,,,,
108,0,2,3,2,1,7,5,,3,2,,Red Lobster,Ruby Tuesday,Apply Bees,Steak & Shake,Mc Donald,1,1,1,1,1,1,1,1,1,,1,3,1,2,,,one,,,,,,6,,,,,,,,,,,,,Do not have young children living with me.,1,,,,,,,,,,,,13,,,,,,1,,,,,,,,,,,,,,,,,,,,,,,,,,,,,,,,
109,0,2,3,4,2,4,1,5,1,1,,El Vaquero West,Happy Garden,Cracker Barrel,Olive Garden,Buffalo Wild Wings,2,2,1,2,1,2,2,1,3,,1,1,3,2,1,3,1,,,,,,6,,Student,1,,,,,6,,,,10,,,,,,,,,,9,,,,,,15,,,,1,,,,,,,,,,,,,,,,,,,,,,,,,,,,,,,,
110,0,3,4,3,2,1,5,2,1,1,,Pappaduax,Applebees,Fridays,Cheesecake Factory,Texas Day Brazil,1,1,1,1,1,1,1,3,3,,1,2,2,2,2,1,,,,,,,,7,,,,,,5,6,,8,,,,1,,,,,,,,,,,,,,,,17,,2,,2,3,4,,,,,,,,,,,,,,,,,,,,,,,,,,,,
111,0,2,3,2,1,2,6,1,1,1,,Ruby Tuesday,Pinos,,,,3,2,2,3,1,1,1,1,3,,1,3,3,2,1,,1,,,,,5,,,,,,,,5,,,,,,Girl Scouts,,,,,,,,,,,,,,,,,17,Working Out at the YMCA,2,,,,,,6,Mailed to me,,,,,,,,,,,,,,,,,,,,,,,,,
112,0,1,4,3,2,4,1,1,,1,,N/A,N/A,N/A,N/A,N/A,1,1,1,1,1,1,2,2,3,,1,3,2,1,None,None,None,,,,,,6,,unemployed,,,,,,,,,,,N/A,,,,,,,,,,,,12,,,15,,,,1,,,,,,,,,,,,,,,,,,,,,,,,,,,,,,,,
113,0,1,2,3,1,3,1,1,5,2,,arbys,mcdonalds,wendys,taco bell,pizza hut,1,1,1,3,1,1,2,2,3,,1,2,2,2,1,2,0,,,3,,,,,hospitality,,2,,,,6,,,,,gymnastics,,,,,,,,,,,,,,14,15,,17,,1,,,,,,,,,,,,,,,,,,,,,,,,,,,,,,,,
114,0,2,2,1,2,6,1,1,4,1,,applebee,rudy tuesday,padow's,kanpal,crossflite,1,2,1,1,1,1,1,1,2,,1,3,2,3,16,,18,,,,,,6,,,,,,,,6,,,,10,,1,,,,,,,,9,,,,,14,15,16,,,2,,,,4,,,,,,,,,,,,,,,,,,,,,,,,,,,,
115,0,1,4,2,1,3,1,2,5,1,,Bo jangles,sonic,longhorn steakhouse,cheese cake factory,denny's,2,1,1,1,1,1,1,1,1,,2,3,2,2,0,0,0,,,,,,,7,nurse assistant,,,,,,,,,,,,,,,,,6,7,8,9,10,,,,,,,,"Reading,",2,1,,,4,,6,,,,,,,,,,,,,,,,,,,,,,,,,,
116,0,3,3,2,3,3,1,4,1,1,,chick fila,china taste,,,,3,1,1,1,1,1,2,1,3,,1,1,1,1,,,,,,,,,,7,student,,,,,,,,,,,,,,,,5,,,,,,,,,14,15,,,,2,,2,,,5,,,,,,,,,,,,,,,,,,,,,,,,,,,
118,0,1,1,2,2,,,,,,,,,,,,,,,,,,,,,,,,,,,,,,,,,,,,,,,,,,,,,,,,,,,,,,,,,,,,,,,,,,,,,,,,,,,,,,,,,,,,,,,,,,,,,,,,,,
119,0,1,4,2,2,4,3,2,2,1,,arbys,mcdonmalds,panera,,,1,1,2,2,1,1,1,2,2,,1,2,2,2,1,1,2,,,,,,6,,,,,,4,5,,,,,,,,2,3,,,,,,,,,,,,,,,,5,1,2,,,,,,,,,,,,,,,,,,,,,,,,,,,,,,
122,0,1,2,2,4,3,6,1,1,1,,California Pizza Kitchen,Olive Garden,IHOP,T.G.I. Friday's,Roma,2,2,1,2,1,2,2,3,3,,,,,,,,,,,,,,,,,,,,,,,,,,,,,,,,,,,,,,,,,,,,,,,,,,,,,,,,,,,,,,,,,,,,,,,,,,,,,,
123,0,1,3,2,2,4,1,1,2,4,,Tazikis,Tripps,Leo's Pizza,,,1,1,1,3,1,1,2,1,3,,1,2,2,2,1,0,0,,,,,,,7,,,,,,,,,,,,,,,,,,,,,,,,,,14,,,,,1,,,,,,,,,,,,,,,,,,,,,,,,,,,,,,,,
124,0,1,2,1,2,6,1,1,1,3,,Red Robin,Bertucci's,Chick FilA,,,1,2,1,2,1,2,2,2,3,,1,3,1,2,0,1,1,,,,,5,,,,,,3,,5,,7,8,,10,,1,,,,,,,,,,,12,,,,,,Aerobics,4,1,2,,4,,6,,,,,,,,,,,,,,,,,,,,,,,,,,
125,0,2,2,2,2,4,,,3,3,,Sidewalk Cafe,Cookout,The Village,Kuba Kuba,821 Cafe,2,1,1,2,1,2,2,1,2,,1,1,1,3,0,0,3,,,,,,,7,,,,,,,,,,,,,1,,3,,,,,,,,,,,14,,16,,,2,,2,,,,6,,,,,,,,,,,,,,,,,,,,,,,,,,
126,0,2,2,2,2,4,4,4,4,4,,fridays,outback,ocharlies,applebees,olive garden,3,3,3,3,3,3,3,3,3,,1,3,1,2,0,1,0,,,,,5,,,bus driver,,2,,,5,,,8,,10,,,,3,,,,,,,,,,,14,15,,,,3,1,,,,,,,,,,,,,,,,,,,,,,,,,,,,,,,
127,0,1,1,1,2,7,1,1,1,1,,PRIMOS,APPBLEBEES,MCDONALDS,ARBYS,WENDYS,1,1,2,2,2,2,2,2,2,,1,2,2,2,2,1,,,,,,,,7,,1,,,,,,,,,,,,,,,,,,,,,,,,,,,17,,1,,,,,,,,,,,,,,,,,,,,,,,,,,,,,,,,
128,0,2,3,2,2,3,,,1,1,,wendys,mcdonalds,burger king,el patron,mosaic,1,1,1,1,1,1,1,1,1,,1,3,1,2,0,0,0,,,,,,,7,customer service for local government,,,,,,,,,,,no children at home,1,,,,,,,,,,,,,14,,,,,4,1,,,,,,,,,,,,,,,,,,,,,,,,,,,,,,,
129,0,2,3,2,1,7,1,1,1,1,,sheetz,pepicelli pizza,Burger king,hardees,mc dondale,2,2,1,1,1,2,2,2,2,,1,4,1,1,0,0,0,,,,,,6,,retired,,,,,,,,,,,no child,,,,,,,,,9,,,,,14,,,,walking,2,1,,,4,,,,,,,,,,,,,,,,,,,,,,,,,,,,
130,0,2,3,2,3,4,5,1,1,1,,Chik Fil-A,Chipotle,Texas Roadhouse,,,3,2,2,2,1,1,2,1,3,,1,3,1,2,0,0,0,,,,,,,7,Beauty Professional,,,,,,,,,,,,,,,,,,,,,,,12,,,,,,Sewing,1,,,,,,,,,,,,,,,,,,,,,,,,,,,,,,,,
131,0,2,3,2,2,7,1,1,1,1,,Red Lobster,,Longhorn Steakhouse,,,1,1,2,4,1,1,1,1,1,,1,4,2,2,,,none,,,,,,6,,,,,,,,,,,,,,,,,,,,,,,,,,13,14,,,,,2,,,,,,6,computer,,,,,,,,,,,,,,,,,,,,,,,,,
132,0,1,3,2,1,4,1,1,4,4,,Mcdonalds,Chick-fil-a,Calabash,,,2,2,1,1,1,2,2,2,3,,1,1,1,1,0,0,0,,,,,,6,,student,,,,,,,,,,,dont hAVE KIDS,1,2,3,4,5,6,7,8,9,10,11,12,13,14,15,16,,,2,,2,,,,,,,,,,,,,,,,,,,,,,,,,,,,,,
134,0,1,2,2,1,,,,,,,,,,,,,,,,,,,,,,,,,,,,,,,,,,,,,,,,,,,,,,,,,,,,,,,,,,,,,,,,,,,,,,,,,,,,,,,,,,,,,,,,,,,,,,,,,,
135,0,1,2,2,1,7,7,1,1,1,,Apple Bee's,Five Guys,Au Bon Pain,Ledo's,Chili's,1,1,1,1,1,1,1,2,2,,1,2,1,2,,,,,,,,,,7,Bookkeeper,,,,,,,,8,,,no children,,,,,5,,,,,10,,12,,,,,,,1,,,,,,,,,,,,,,,,,,,,,,,,,,,,,,,,
137,0,1,2,2,3,4,3,1,3,2,,Wendy's,City Diner,Quizno's,Sticky Rice,Chipotle,2,2,1,3,1,3,3,2,3,,1,1,1,1,0,0,0,,,,,,,7,Petcare Associate,,,,,,,,,,,I don't have children,,,3,,5,6,,,,,,,,14,,16,,Rock climbing and repelling,1,,,,,,,,,,,,,,,,,,,,,,,,,,,,,,,,
138,0,2,2,2,2,6,1,1,1,1,,mcdonalds,burger king,wendys,sonic,subway,2,2,3,3,1,3,3,2,5,,1,2,3,2,1,0,0,,,,,,,7,,,,,,,,,,,,none,,,,,,,,,,,,,,,,,17,,1,,,,,,,,,,,,,,,,,,,,,,,,,,,,,,,,
139,0,1,2,2,3,1,1,1,1,1,,ddddddddd,ddddddddddddddddd,wwwwwwwww,qqqqqqqqqqqqq,qqqqqqqqqqqqqqqqqqqqq,2,2,2,2,2,2,2,2,2,,1,3,3,1,0,0,0,,,3,,,,,ffffffff,1,,,,,,,,,,,,,,,,,,,,,,12,,,,,,,5,,2,,,,6,,,,,,,,,,,,,,,,,,,,,,,,,,
140,0,1,4,1,1,3,6,1,1,2,,Cracker Barrell,Red Lobster,Ichiban Grill,Giovanni's,,2,1,1,2,1,1,2,1,3,,1,3,1,2,0,0,0,,,,,,,7,customer service,,,,,,,,,,,none,,,3,,,,,8,,,,,,14,,16,,,2,1,2,,,,,,,,,,,,,,,,,,,,,,,,,,,,,,
141,0,2,3,2,2,7,7,1,2,2,,mcdonalds,wendys,hardees,subway,burger king,1,1,1,1,1,1,1,1,1,,1,2,1,2,2,0,0,,,,,,6,,,,,,,,,,,9,,cheerleading,,,,,,,,,,,,,,,,,17,,4,1,,,4,5,,,,,,,,,,,,,,,,,,,,,,,,,,,
142,0,3,2,2,2,5,1,1,2,2,,ghenghis khan,outback,applebee's,,,2,2,2,3,2,1,1,1,,,1,3,1,2,0,0,1,,,,,,6,,,,,,,,,,,,,,1,,,,,,,8,,,,,,,,,,,2,1,2,3,4,,,,,,,,,,,,,,,,,,,,,,,,,,,,
143,0,1,2,2,1,6,1,1,2,1,,Cook Out,,,,,2,3,1,2,2,2,2,2,2,,1,3,1,2,0,0,1,,,,,,6,,,,,,,,,,,,,,,,,,,,,8,,,,,,,,,,,2,,2,,,,6,,,,,,,,,,,,,,,,,,,,,,,,,,
144,0,2,2,2,2,2,1,1,1,6,,Angelo's,Applebee's,Outback,China Taste,Subway,2,1,1,1,1,1,1,2,1,,1,3,2,2,,,,,,,,,6,,,,,,,,,,,,,my children are 36  & 39,1,,3,,,,,,,,,,,14,,16,,,3,1,,3,,5,,,,,,,,,,,,,,,,,,,,,,,,,,,
145,0,1,3,2,3,6,1,1,2,2,,Shoney's,O'Charley's,Genghis Grill,Friendly's,Ruby Tuesday,2,2,1,2,1,1,1,1,2,,1,3,2,2,0,0,2,,,,,,6,,,,,,,,,,8,,,,,,,,,,,,,,,,,14,,16,,"Reading, Cooking, Crafts",4,1,2,3,,5,,,,,,,,,,,,,,,,,,,,,,,,,,,
147,0,3,1,3,2,,,,,,,,,,,,,,,,,,,,,,,,,,,,,,,,,,,,,,,,,,,,,,,,,,,,,,,,,,,,,,,,,,,,,,,,,,,,,,,,,,,,,,,,,,,,,,,,,,
148,0,2,1,2,2,1,4,2,1,3,,family secrets,,,,,1,2,1,5,1,3,3,3,5,,2,2,2,2,1,,,,,3,,,,7,,,,,,,6,,,9,,,,,,,,,,,9,,,,,,,,,,1,,,,,,,,,,,,,,,,,,,,,,,,,,,,,,,,
149,0,1,4,3,1,3,2,2,4,,,Maggiano's,Panera bread,Elephant Thai,Qdoba,Applebee's,2,2,1,2,1,2,2,1,3,,1,3,3,2,0,0,0,,,,,,,7,,,,,,,,,,,,,,2,,,,,,,,,,,,,,,,,2,,2,3,4,,,,,,,,,,,,,,,,,,,,,,,,,,,,
150,0,2,1,3,3,7,1,1,2,1,,hon kong,wendy's,mcdonld's,subway,captain d's,2,1,1,1,1,1,1,1,2,,1,2,1,2,0,0,0,,,,,,6,,,,,,,,,,,,,none,1,,,,,,,,,,,,,14,15,,,,3,1,,,,,,,,,,,,,,,,,,,,,,,,,,,,,,,
152,0,1,4,2,2,,,,,,,,,,,,,,,,,,,,,,,,,,,,,,,,,,,,,,,,,,,,,,,,,,,,,,,,,,,,,,,,,,,,,,,,,,,,,,,,,,,,,,,,,,,,,,,,,,
153,0,2,3,2,2,3,4,3,1,1,,Thai Diner,Tripps,Cheesecake factory,Sushi-O,Carrabas,2,1,2,4,1,2,2,1,3,,1,2,3,2,0,0,0,,,,,5,,,,,,,,,,,,,,,1,,,,,,,,,,,,,14,,16,,,1,,,,,,,,,,,,,,,,,,,,,,,,,,,,,,,,
154,0,2,2,1,2,1,1,1,6,1,,Applebee's,Outback Steakhouse,Arby's,Olive Garden,Croaker Spot,2,2,2,2,2,2,2,2,2,,1,3,2,2,1,0,1,,,,,,,7,,,,,,,,,,,,Cheerleading,,,,,,,,,,,,,,14,,,,,1,,,,,,,,,,,,,,,,,,,,,,,,,,,,,,,,
156,0,1,1,1,1,,4,,,,,,,,,,6,6,6,6,6,6,6,6,6,,,,,,,,,,,,,,,,,,,,,,,,,,,,,,,,,,,,,,,,,,,,,,,,,,,,,,,,,,,,,,,,,,,,,,,,,,,,,,
157,0,3,2,3,3,4,1,1,3,3,,chick fila,mcdonals,wendys,jimmy johns,chiptole,1,1,1,1,2,2,2,2,2,,2,2,2,2,1,0,0,,,,,,,7,admin,,2,,,,,,8,9,,,1,,,,,,7,,,,,,,14,15,16,17,,3,,2,,4,,,,,,,,,,,,,,,,,,,,,,,,,,,,
158,0,2,3,2,2,2,5,2,2,1,,Panera,McDonalds,Cookout,Martins,Olive Garden,1,1,1,1,1,1,1,1,2,,1,2,2,2,0,0,0,,,,,5,,,,,,,,,,,,,,,1,,,,,,,,,,,,,14,,,,,3,1,2,3,4,5,6,,,,,,,,,,,,,,,,,,,,,,,,,,
160,0,2,2,2,1,7,1,1,5,4,,McDonalds,Chick Fil A,Taco Bell,,,1,1,1,3,1,2,2,1,2,,1,3,1,2,2,1,0,,,,,,6,,,,,,,,,,,,,,,,,,,,,,,10,,,,,,,,,4,1,,,,,,,,,,,,,,,,,,,,,,,,,,,,,,,
161,0,2,3,2,1,7,1,1,1,1,,,,,,,3,3,3,3,3,3,3,3,3,,1,3,1,1,,,,,,,,,6,,housekeep,,,,,,,,,,,,,,,,,,,,,,11,,,,,,,walk,5,,2,,,,,,,,,,,,,,,,,,,,,,,,,,,,,,
162,0,2,2,3,2,7,6,1,2,1,,qdoba,panera,tropical acres,athenas,fidays,2,2,1,1,1,1,1,1,2,,1,3,2,2,0,0,0,,,,,,,7,bank teller,,,,,,,,,,,,,,3,,,,,,,,,,,14,,,,,3,1,,,,,,,,,,,,,,,,,,,,,,,,,,,,,,,
163,0,1,4,2,2,6,1,1,3,1,,burger king,McDonnell's,Arby's,hardies,,2,2,2,3,2,3,4,2,5,,2,4,2,1,0,0,0,,,,,5,,,retired,,,,,,,,,,,none,,,,,,,,8,,,,,,,,,,quilting,1,,,,,,,,,,,,,,,,,,,,,,,,,,,,,,,,
165,0,2,3,2,3,,,,,,,,,,,,,,,,,,,,,,,,,,,,,,,,,,,,,,,,,,,,,,,,,,,,,,,,,,,,,,,,,,,,,,,,,,,,,,,,,,,,,,,,,,,,,,,,,,
167,0,3,2,3,3,,,,,,,,,,,,,,,,,,,,,,,,,,,,,,,,,,,,,,,,,,,,,,,,,,,,,,,,,,,,,,,,,,,,,,,,,,,,,,,,,,,,,,,,,,,,,,,,,,
168,0,1,4,2,1,2,2,1,5,1,,mcdonalds,wendys,kfc,applebees,burger king,4,1,1,4,1,3,3,1,4,,1,1,1,2,2,0,0,,,,,,6,,,,2,,,,,,,,,,,,3,,,,,,,,,,,14,,,,,2,1,2,,4,,,,,,,,,,,,,,,,,,,,,,,,,,,,
169,0,2,3,2,3,1,3,1,4,1,,chpotle,wendys,kfc,,,1,1,2,1,1,1,1,1,3,,1,4,1,2,,,,,,3,,,,,,,,,,,,,,,,,,,3,,,,,,,,11,,,,,,,,1,,,,,,,,,,,,,,,,,,,,,,,,,,,,,,,,
170,0,2,3,3,2,6,2,1,2,1,,Nino's Pizza,McDonald's,Taco Bell,KFC,BugerKing,3,2,1,2,1,2,3,1,2,,1,2,1,2,0,0,2,,,,,,6,,,,,,,,,,,,,no children,,,,,,,,8,,,,,,,,,,Macrame,1,,,,,,,,,,,,,,,,,,,,,,,,,,,,,,,,
172,0,2,3,2,2,,,,,,,,,,,,,,,,,,,,,,,,,,,,,,,,,,,,,,,,,,,,,,,,,,,,,,,,,,,,,,,,,,,,,,,,,,,,,,,,,,,,,,,,,,,,,,,,,,
173,0,1,1,2,2,1,1,1,1,7,,McDonalds,Burger King,Hoss's,Perkins,Huddle House,2,1,1,3,1,2,2,1,3,,1,1,1,1,0,0,0,,,,,5,,,Writer,,,,,,,,,,,,,,3,,,,,,9,10,,,13,14,,16,,Horseback Riding,1,,,,,,,,,,,,,,,,,,,,,,,,,,,,,,,,
174,0,1,4,4,2,5,1,1,4,3,,taco bell,mcdonalds,pizza hut,red robin,dominos,1,1,1,2,1,1,1,1,1,,1,1,2,2,0,1,2,,,,,,,7,student,,,,,,,,,,,baseball,,,,,,,,,9,,,,,14,,16,,,1,,,,,,,,,,,,,,,,,,,,,,,,,,,,,,,,
175,0,2,3,2,1,3,1,1,6,1,,"cold harbor restaurant, mechanicsville, va","le patron mechanicsville, va","nicks mechanicsville, va","annas mechanicsville, va","awful arthurs mechanicsville, va",2,1,1,3,1,2,2,2,1,,1,4,3,2,0,0,0,,,,,,6,,retired,,,,,,,,,,,none,1,,,,,,,,,,,,,14,,,,quilting,2,1,,,4,5,,,,,,,,,,,,,,,,,,,,,,,,,,,
176,0,1,2,2,2,4,1,1,5,1,,Daddyo's,Jimmy's,New York Deli,,,1,1,1,2,1,1,1,1,1,,1,3,1,1,,,none,,,,,,6,,,,,,,,,,,,,no children,,,,,,,,8,,,,,13,,,,,,1,,,,,,,,,,,,,,,,,,,,,,,,,,,,,,,,
177,0,2,2,2,2,7,1,1,1,3,,seafood restaurants,steak,mcdonalds,wendys,burgerking,1,2,1,1,1,1,1,1,1,,1,4,1,1,none,none,none,,,,,,,7,,,,,,5,,,,,,no children at home,,,3,,,,,,,,,,,14,15,,17,,1,,,,,,,,,,,,,,,,,,,,,,,,,,,,,,,,
178,0,2,2,2,2,5,4,1,1,1,,panera,jasons deli,chilis,smoky bones,cracker barrel,2,2,3,1,1,1,1,1,2,,1,3,3,2,0,0,0,,,,,,,7,,,,,,,,,,,,,,,,,,,,,,,,,,14,15,,,,1,,,,,,,,,,,,,,,,,,,,,,,,,,,,,,,,
179,0,1,3,2,2,2,6,1,1,1,,McDonald's,Bojangles,Arby's,,,2,2,1,2,2,1,2,1,1,,1,3,1,2,1,,,,,,,,,7,Mail Clerk,,,,,5,6,,8,9,,,1,2,3,,,,,,,,,,,14,,,,,5,1,2,3,4,5,,,,,,,,,,,,,,,,,,,,,,,,,,,
180,0,1,1,2,2,3,1,1,4,2,,Wendy's,McDonald's,Subway,Dominos,Panera Bread,1,2,1,2,1,2,2,1,2,,1,3,1,2,,,1,,,,,5,,,,,,,,,,,8,,,,,,,,,,,8,,10,,,,14,,,,,3,1,2,3,4,5,,,,,,,,,,,,,,,,,,,,,,,,,,,
182,0,1,3,2,1,7,,,,,,mcdonald,,chick fila,popeyes,olive garden,6,,1,,2,,1,6,,,2,4,3,3,,,,,,,,,,7,,,,,,,,,,,,,,,,,,,,,,,,,,,15,,,church,5,,,,4,,6,,,,,,,,,,,,,,,,,,,,,,,,,,
183,0,3,3,2,2,2,6,1,1,1,,McDonalds,Panera,Islamorada Fish Company,Bonefish Grill,,2,2,1,2,1,1,1,1,2,,1,3,2,2,3,0,0,,,,,,,7,,,,,,,,7,8,,,Scouts,,,,,5,6,,8,,,,,,,,16,17,,1,,,,,,,,,,,,,,,,,,,,,,,,,,,,,,,,
184,0,2,4,2,2,5,1,1,4,1,,Ma and Pa's,McDonalds,Hardees,Applebees,Wendys,2,3,2,3,2,2,3,2,2,,1,3,1,2,0,0,0,,,,,,6,,,,,,,,,,,,,,1,,,,,6,,,,10,,,,14,,,,,1,,,,,,,,,,,,,,,,,,,,,,,,,,,,,,,,
185,0,1,4,1,1,3,5,1,2,1,,Outback,Applebees,local,local,local,2,2,2,2,2,2,2,2,2,,1,3,2,1,0,0,0,,,,,,,7,,,,,,,,,,,,,,,,,,,,,,,,,,,,,17,none,2,,,3,,,,,,,,,,,,,,,,,,,,,,,,,,,,,
186,0,2,4,2,2,1,1,1,7,1,,crab louies,cracker barrel,famous daves,arbys,burger king,1,1,1,1,1,1,1,1,3,,1,4,1,2,0,0,0,,,,,,6,,,,,,,,,,,,,none living at home,,,,,,,,,,,,,,14,,,,,2,1,2,,4,5,6,,,,,,,,,,,,,,,,,,,,,,,,,,
187,0,2,3,2,3,4,1,1,5,1,,Cracker Barrel,Chic Fil A,Arby's,Olive Garden,Sonic,1,1,1,2,1,1,1,1,2,,1,3,2,2,0,0,0,,,,,,6,,,,,,,,,,,,,,1,,,,,,,8,,,,,,,,,17,,1,,,,,,,,,,,,,,,,,,,,,,,,,,,,,,,,
189,0,1,4,2,3,,,,,,,,,,,,,,,,,,,,,,,,,,,,,,,,,,,,,,,,,,,,,,,,,,,,,,,,,,,,,,,,,,,,,,,,,,,,,,,,,,,,,,,,,,,,,,,,,,
190,0,1,3,2,2,7,1,1,1,2,,taco bell,cicis pizza,mcdonalds,dennys,little caesars pizza,2,1,1,2,1,1,1,1,3,,1,2,1,1,1,2,0,,,3,,,,,home health aid,,,,,,,,8,,10,,,,,,,,,,,,,,,,15,,17,,1,,,,,,,,,,,,,,,,,,,,,,,,,,,,,,,,
191,0,2,4,2,1,3,6,1,1,1,,Ruby Tuesday,Applebees,Olive Garden,McDonald's,Chick-Fil-A,3,2,2,2,1,1,2,1,3,,1,3,1,1,2,0,1,,,,,,,7,Copy Center Manager,,,,,,6,,8,,,Basketball,,,,,,,,,,,,,,14,,,17,walking,2,,,,4,,6,Mail,,,,,,,,,,,,,,,,,,,,,,,,,
192,0,2,2,1,1,6,1,1,2,1,,Bell Cafe,,,,,2,2,2,1,1,1,1,1,1,,1,4,1,2,0,0,0,,,,,,,7,web developer,,,,,,,,,,,none,,,,,,,,8,,,,,,,,,,church choir,1,,,,,,,,,,,,,,,,,,,,,,,,,,,,,,,,
193,0,2,2,3,3,7,1,1,2,1,,APPLEBEE'S,SHONEY'S,LOWERY'S,RED LOBSTER,LONE STAR,1,1,1,1,1,1,1,1,1,,1,3,2,1,NONE,NONE,NONE,,,,,,6,,SOON WILL BE LOOKING FOR JOB IN BILLING AND CODING,,,,,,,,,,,NO CHILDREN AT HOME,,,,,,,,,,,,,,14,,,,"CRAFTS, READING, WALKING ON TREADMILL",4,1,2,,,,,,,,,,,,,,,,,,,,,,,,,,,,,,
195,0,2,3,2,2,,,,,,,,,,,,,,,,,,,,,,,,,,,,,,,,,,,,,,,,,,,,,,,,,,,,,,,,,,,,,,,,,,,,,,,,,,,,,,,,,,,,,,,,,,,,,,,,,,
198,0,2,3,2,2,6,1,1,3,1,,Panara Bread,Cookout,McDonalds,Applebees,KFC,2,2,1,2,1,1,1,1,3,,2,3,2,2,1,1,0,,,3,,,,,Claims processor,,,,,,,,8,9,,Karate,1,,,,,,,8,,,,,13,14,15,16,17,,3,1,2,3,,5,,,,,,,,,,,,,,,,,,,,,,,,,,,
199,0,2,4,2,2,4,1,1,1,1,,dante's,burger king,wendys,arbys,mcdonalds,1,1,1,1,1,1,1,1,1,,2,2,1,1,,,,,,,,,,7,unemployed,,,,,,,,,,,,1,,3,,5,6,,,9,,,,,14,,,,,1,,,,,,,,,,,,,,,,,,,,,,,,,,,,,,,,
200,0,1,4,2,2,4,1,1,3,1,,,,,,,4,,3,3,1,1,1,1,1,,1,2,1,1,,1,,,,,,5,,,transportation,,,,,,,,,,,band,,,,,,,,,,,,,,,15,,,dancing,1,,,,,,,,,,,,,,,,,,,,,,,,,,,,,,,,
201,0,1,1,1,2,1,1,1,2,6,,Subway,Quiznos,Jasons,Jersey Mike,Panera Bread,1,1,1,1,1,2,1,1,1,,1,3,1,1,0,0,0,,,,,5,,,Student,,,,,,,,,,,,1,,,,,,,,,,,,13,14,,16,,,2,1,,,4,5,,,,,,,,,,,,,,,,,,,,,,,,,,,
202,0,2,3,2,2,2,1,1,2,2,,Peking Restaurant,Wendy's,McDonalds,Ruby Tuesday,,2,1,1,2,1,2,2,1,2,,1,4,1,1,0,0,0,,,,,,,7,Retired,,,,,,,,,,,No children at home,1,,,,,,,,,,,,,14,15,16,17,,1,,,,,,,,,,,,,,,,,,,,,,,,,,,,,,,,
204,0,2,3,2,2,,,,,,,,,,,,,,,,,,,,,,,,,,,,,,,,,,,,,,,,,,,,,,,,,,,,,,,,,,,,,,,,,,,,,,,,,,,,,,,,,,,,,,,,,,,,,,,,,,
205,0,2,4,3,2,5,1,1,3,1,,Taco Bell,McDonalds,Wendys,Buffalo Wild Wings,Chipotle,2,2,1,2,1,2,2,2,3,,1,2,2,2,0,0,0,,,,,,6,,,,,,,,,,,,,Don't have children,,,,,,,,,,,,,,14,,,,Reading,2,1,2,3,,5,,,,,,,,,,,,,,,,,,,,,,,,,,,
206,0,1,3,1,2,5,1,1,2,3,,McDonalds,Kentucky Fried Chicken,,,,2,3,1,1,1,3,3,2,4,,2,3,1,3,,,,,,,,,,7,Process Server,,,,,,,,,,,,,,,,,,,,9,,11,,,14,,,,,1,,,,,,,,,,,,,,,,,,,,,,,,,,,,,,,,
208,0,2,2,2,2,,,,,,,,,,,,,,,,,,,,,,,,,,,,,,,,,,,,,,,,,,,,,,,,,,,,,,,,,,,,,,,,,,,,,,,,,,,,,,,,,,,,,,,,,,,,,,,,,,
210,0,2,3,1,2,,,,,,,,,,,,,,,,,,,,,,,,,,,,,,,,,,,,,,,,,,,,,,,,,,,,,,,,,,,,,,,,,,,,,,,,,,,,,,,,,,,,,,,,,,,,,,,,,,
212,0,2,4,2,2,7,1,1,1,1,,,,,,,1,1,1,1,1,1,1,1,4,,,,,,,,,,,,,,,,,,,,,,,,,,,,,,,,,,,,,,,,,,,,,,,,,,,,,,,,,,,,,,,,,,,,,,,,,,,,,,
213,0,2,2,3,2,7,1,1,1,1,,The Corner,Lees,Olivias,,,1,2,1,2,1,1,1,1,1,,1,3,2,2,,,,,,,,,6,,retired,,,,,,,,,,,na,,,,,,,,8,,,,,,,,,,,1,,,,,,,,,,,,,,,,,,,,,,,,,,,,,,,,
215,0,2,2,2,3,,,,,,,,,,,,,,,,,,,,,,,,,,,,,,,,,,,,,,,,,,,,,,,,,,,,,,,,,,,,,,,,,,,,,,,,,,,,,,,,,,,,,,,,,,,,,,,,,,
216,0,2,4,2,2,1,6,1,1,3,,Chic-Fil-a,Panera,Olive Garden,O'Charley's,Burger King,3,2,2,3,1,3,3,2,2,,1,2,1,1,0,0,0,,,,,5,,,,,,,,,,,,,,,,,,,5,,,,,,,,,14,,,,,2,1,2,3,,5,,,,,,,,,,,,,,,,,,,,,,,,,,,
217,0,3,3,2,2,2,3,1,1,2,,Chick A Fila,KFC,O'Charley's,McDonald's,Firehouse Sub,1,1,1,2,1,1,2,2,2,,1,3,1,1,0,0,0,,,,,5,,,,,,,,,,,,,,,1,,,,,,,8,,,,,13,14,,16,17,bowling,2,1,2,,4,5,,,,,,,,,,,,,,,,,,,,,,,,,,,
218,0,1,4,1,3,5,1,1,3,2,,outback,chinese,applebees,,,2,2,2,2,2,2,2,2,3,,1,2,2,2,0,0,0,,,,,,6,,,,,,,,,,,,,,,,,,,,,,,,,,,14,,,,,2,,2,,,,,,,,,,,,,,,,,,,,,,,,,,,,,,
220,0,2,2,2,2,7,1,1,1,1,,all visited equally,,,,,2,2,1,2,2,2,3,2,2,,2,3,3,2,0,0,0,,,,,,,7,none of the above,,,,,,,,,,,n/a,1,,,,,,,,,,,,,,,,,music,1,,,,,,,,,,,,,,,,,,,,,,,,,,,,,,,,
222,0,2,3,2,2,,,,,,,,,,,,,,,,,,,,,,,,,,,,,,,,,,,,,,,,,,,,,,,,,,,,,,,,,,,,,,,,,,,,,,,,,,,,,,,,,,,,,,,,,,,,,,,,,,
224,0,2,2,2,2,6,1,1,4,4,,McDonalds,Popeyes,Poppa Johns,Applebees,,1,1,1,1,1,1,2,2,2,,,,,,,,,,,,,,,,,,,,,,,,,,,,,,,,,,,,,,,,,,,,,,,,,,,,,,,,,,,,,,,,,,,,,,,,,,,,,,
225,0,2,4,1,2,7,1,4,2,3,,Joe's Out Bon Air,Maldini's,Frank's Ristorante,Outback Steakhouse,Belle Vie,3,2,3,2,1,1,1,2,2,,2,4,2,2,0,0,0,,,,,,6,,retail sales,,,,,,,,,,,no children living at home,,2,,,,,,,,,,,,,,,,reading,1,,,,,,,,,,,,,,,,,,,,,,,,,,,,,,,,
226,0,2,4,2,1,6,1,1,3,1,,arbys,bob evans,chick fil a,subway,Mc donalds,1,1,1,2,1,2,2,1,2,drive thru,1,4,2,3,0,0,0,,,,,,6,,retired,,,,,,,,,,,,,,,,,,,8,,,,,,14,,,,thrifting,2,1,2,3,,,,,,,,,,,,,,,,,,,,,,,,,,,,,
227,0,2,3,2,3,6,1,1,1,3,,Ruby Tuesday,Anderson's Garden Cafe,,,,2,2,2,2,1,2,1,1,3,,1,3,2,3,0,0,1,,,,,,,7,state government,,,,,,,,,,,computer programming,,,,,,,,,,,,12,,,,,,reading,1,,,,,,,,,,,,,,,,,,,,,,,,,,,,,,,,
228,0,2,3,2,1,6,1,1,2,2,,Applebees,Cracker Barrel,Yen Ching,Crazy Greek,Chili's,2,2,2,3,1,1,1,1,3,,1,4,2,1,0,0,0,,,,,,,7,Retired,,,,,,,,,,,,,,3,,,,,,,,,,,,,,,water aerobics,2,1,,3,,,,,,,,,,,,,,,,,,,,,,,,,,,,,
235,0,3,2,3,4,,,,,,,,,,,,,,,,,,,,,,,,,,,,,,,,,,,,,,,,,,,,,,,,,,,,,,,,,,,,,,,,,,,,,,,,,,,,,,,,,,,,,,,,,,,,,,,,,,
236,0,3,4,1,4,6,,1,4,3,,Mcdonalds,Wendy's,taco bell,burger king,KFC,5,2,1,5,1,3,5,2,3,,1,3,3,2,2,0,2,,,,,,,7,registered nurse,,2,,,5,,,8,,,,,,3,,,,,,,10,,,,,,,17,,2,1,2,,4,5,6,,,,,,,,,,,,,,,,,,,,,,,,,,
238,0,1,1,1,1,,,,,,,,,,,,,,,,,,,,,,,,,,,,,,,,,,,,,,,,,,,,,,,,,,,,,,,,,,,,,,,,,,,,,,,,,,,,,,,,,,,,,,,,,,,,,,,,,,
239,0,1,1,3,2,7,1,1,1,1,,dominoz,india pastry,,,,2,1,1,1,1,1,1,1,1,,1,2,3,2,1,0,0,,,,,,6,,,,,,,5,,,8,9,10,,,,3,,,,,,,,,,13,14,15,16,17,,2,1,,,,,6,,,,,,,,,,,,,,,,,,,,,,,,,,
240,0,1,1,1,1,5,1,1,1,2,,burger king,mcdonalds,pizza hut,five guys,subway,1,2,1,5,1,2,2,1,3,,1,3,1,3,0,1,1,,,,,,6,,,1,,,,,,,,,,,,,,,,,,,,,,,,14,,,,walking,2,,,,4,5,,,,,,,,,,,,,,,,,,,,,,,,,,,
241,0,3,4,3,3,4,5,5,5,1,,Chipotle,Panera,Starbucks,Cheesecake Factory,Canes,1,1,1,1,1,1,1,1,1,,1,1,3,2,0,0,1,,,,4,,,,none,,,,,,,,,,,none,,,3,,5,6,7,,,,,12,,,,,,,1,,,,,,,,,,,,,,,,,,,,,,,,,,,,,,,,
242,0,2,4,2,1,4,2,1,4,1,,hardee,mcdonald,chick filet,wendy,denny,2,2,1,4,2,2,2,2,4,,1,4,2,2,0,0,2,,,,,,,7,family therapist,,2,3,,,,7,8,,,,1,,,,,6,,8,9,10,,,,14,,16,,,4,1,,,,,6,,,,,,,,,,,,,,,,,,,,,,,,,,
243,0,2,2,2,2,5,,,4,,,Panera Bread,Eileen's Fredericksburg,Brock's Fredericksburg,McDonalds anywhere,Cracker Barrel,1,2,2,1,1,2,2,1,3,"Good service (efficient, & quick for the type place)",1,3,3,2,0,0,0,,,,,,,7,Retired Mathematician,,,,,,,,,,,none,1,,,,5,6,,8,,,,,,14,,16,,YMCA classes,1,,,,,,,,,,,,,,,,,,,,,,,,,,,,,,,,
244,0,1,1,2,2,1,1,4,3,3,,chick fil a,chipotle,panera,taco bell,ricos,2,1,1,2,1,1,1,1,2,,1,1,3,2,0,1,0,,,,,5,,,student,1,,3,,,,,8,,,,1,,,,,6,,,,,,,,14,15,16,,,2,1,,,4,,,,,,,,,,,,,,,,,,,,,,,,,,,,
245,0,1,4,2,2,2,4,3,3,1,,La Pariesienne,The Daily Grill,Akida,Banditos,On the Rox,2,2,1,1,1,2,3,1,1,,2,2,2,1,0,0,0,1,,,,,,,,,,,,,,,,,,,1,,,,5,,,,,,,,,14,15,16,,,2,1,,3,,,,,,,,,,,,,,,,,,,,,,,,,,,,,
248,0,2,4,2,2,,,,,,,,,,,,,,,,,,,,,,,,,,,,,,,,,,,,,,,,,,,,,,,,,,,,,,,,,,,,,,,,,,,,,,,,,,,,,,,,,,,,,,,,,,,,,,,,,,
249,0,1,4,2,2,6,1,1,1,3,,McDonald's,Herb Cottage,Pinara,Ruby Tuesday,Wendy's,2,1,2,2,1,2,2,1,2,,1,4,2,1,0,0,0,,,,,5,,,Retired,,,,,,,,,,,,1,,3,,,,,8,,,,,,14,15,16,17,Movies,2,,,3,,,6,,,,,,,,,,,,,,,,,,,,,,,,,,
250,0,2,3,2,4,3,6,1,1,1,,Subway,Chick-Fil-A,Arby's,McDonald's,Wendy's,1,3,1,5,1,5,3,1,5,,2,3,1,1,0,0,0,,,,,5,,,,,,,,,,,,,,Don't have children,1,,,,,,7,,9,10,,,,,,,,,2,1,,3,,,6,,,,,,,,,,,,,,,,,,,,,,,,,,
251,0,1,2,2,2,3,1,1,1,5,,none,,,,,1,2,1,3,1,1,3,2,3,,2,3,2,3,0,0,0,,,3,,,,,damaged,,,,,,,,,,,none,,,,,,,,8,,,,,,,,,,none,2,1,2,,,5,,,,,,,,,,,,,,,,,,,,,,,,,,,
252,0,3,2,2,2,7,1,1,2,1,don't work full time,Casa Grande Broad Street,Subway Midlothian Tnpk,,,,2,3,1,1,1,1,1,1,5,,1,3,1,1,0,0,0,,,,,,6,,Pet care,,,,,,,,,,,no children,1,,,,,6,,8,,,,,,,,,,,5,,,,,5,,,,,,,,,,,,,,,,,,,,,,,,,,,
253,0,3,3,2,1,6,6,1,1,2,,Applebees,Ocharlies,Con Papa Grande,Burger King,Chillis,2,2,1,3,1,1,1,1,3,,1,2,2,2,1,0,0,,2,,,,,,Interpreter,1,,,,,,,,,,,,,,,,,,,,,,,,14,,,17,,1,,,,,,,,,,,,,,,,,,,,,,,,,,,,,,,,
254,0,2,3,2,2,4,5,1,1,2,,Vietnam Gardens,Subway,Little Szechuan,Chicken Fiesta,,2,1,1,1,1,1,1,1,2,,1,3,3,2,,2,,,,,,,,7,Healthcare professional,,,,,5,6,7,8,9,,,,,3,,5,6,,8,,10,11,,,,,16,,,1,,,,,,,,,,,,,,,,,,,,,,,,,,,,,,,,
255,0,3,3,3,3,2,4,2,1,3,,ruby tuesday,CiCi's Pizza,burger king,mcDonalds,,2,2,1,2,1,2,2,2,3,,2,3,2,1,0,0,0,,2,,,,,,,,,,,,,,,,,,,,,,,6,,,,,,,,,,16,,,2,1,,3,4,5,6,,,,,,,,,,,,,,,,,,,,,,,,,,
257,0,2,4,2,2,,,,,,,,,,,,,,,,,,,,,,,,,,,,,,,,,,,,,,,,,,,,,,,,,,,,,,,,,,,,,,,,,,,,,,,,,,,,,,,,,,,,,,,,,,,,,,,,,,
258,0,2,3,3,3,7,1,1,1,1,,apple bees,,,,,1,1,1,1,1,1,1,1,1,,2,2,1,1,0,,,,,,,5,,,,1,,,,,,,,,,,,2,,,5,,,,,,,,,,,,,,1,,,,,,,,,,,,,,,,,,,,,,,,,,,,,,,,
260,0,2,4,2,2,,,,,,,,,,,,,,,,,,,,,,,,,,,,,,,,,,,,,,,,,,,,,,,,,,,,,,,,,,,,,,,,,,,,,,,,,,,,,,,,,,,,,,,,,,,,,,,,,,
261,0,1,2,1,1,3,1,1,6,4,,Panera,Denney's,K & L Barbecue,Sagebrush,Croakers',2,1,1,1,2,2,2,2,4,,1,4,2,2,0,0,0,,,,,,,7,Civil Service Management Analyst,,,,,,,,,,,NA,1,,3,,,,,8,,,,,13,14,15,16,17,"Attending Plays & Concerts, Attending & watching most college & pro sports events, Weight Machines",2,1,,,4,5,6,,,,,,,,,,,,,,,,,,,,,,,,,,
264,0,2,3,3,2,,,,,,,,,,,,,,,,,,,,,,,,,,,,,,,,,,,,,,,,,,,,,,,,,,,,,,,,,,,,,,,,,,,,,,,,,,,,,,,,,,,,,,,,,,,,,,,,,,
265,0,1,4,1,1,2,1,1,4,2,,Chinese,Don Papa Grande,Cafeteria,Subway,Subway,1,1,1,1,1,1,1,1,1,,1,3,1,1,0,0,0,,,,,,6,,semi retired,,,,,,,,,,,none,1,,,,,,,8,,10,11,,,14,,,,,2,1,,3,,,6,gift cards given to me by friends,,,,,,,,,,,,,,,,,,,,,,,,,
266,0,1,2,1,1,7,1,1,2,1,,shangra la buffet,subway,,,,1,1,1,1,1,1,1,1,1,,1,3,1,2,0,0,0,,,,,,6,,,,,,,,,,,,,,1,,3,,,,,8,9,,,,,14,,16,,,1,,,,,,,,,,,,,,,,,,,,,,,,,,,,,,,,
267,0,2,3,2,2,,,,,,,,,,,,,,,,,,,,,,,,,,,,,,,,,,,,,,,,,,,,,,,,,,,,,,,,,,,,,,,,,,,,,,,,,,,,,,,,,,,,,,,,,,,,,,,,,,
268,1,2,2,2,2,4,3,3,3,6,,Maggiano's,Plaza Azteca,Olive Garden,Sticks Kebob,,1,1,1,1,1,1,1,1,1,,1,2,1,2,,2,,,,,,,,7,,,,,,,,,,,,,,,,,,,,,,,,,,14,,,,,5,1,2,3,4,5,,,,,,,,6,Co-worker,1,3,1,1,2,6,6,,2,2,1,1,2,1,1,1,1,
269,1,3,3,2,1,5,3,,2,,,Jersey Mikes,Noodles and Company,Five Guys,Chicken Fiesta,Q Barbecue,1,2,2,2,2,2,3,2,3,,1,2,2,2,1,,,,,,,,,7,,1,,,,5,,,8,,,,,,,,,,,8,,,,12,,14,,,17,,3,1,2,3,4,5,6,,,2,,,,,searching nearby restaurants on Google Maps,1,,1,,,,,,5,2,3,2,2,3,3,2,3,Sadly it is not close to where I live or work.
270,1,2,3,1,1,2,5,1,2,1,,Arbys,bar at Ellwood Thompson,bar at Whole Foods,Sticks,chic fil a,2,2,2,2,2,2,3,2,2,,1,3,1,2,,,1,,,,,,,7,,,,,,,,,,,,,1,,,,,6,,8,9,10,11,12,,,,,,,1,,,,,,,,1,,,,,,,1,3,6,6,6,6,6,,2,2,2,1,1,1,1,1,2,
271,1,1,3,2,1,4,1,1,1,3,,Kroger,Panara,Moes,,,,,,,,,,,,,1,1,2,2,2,3,5,,,,4,,,,Freelance,1,,,,,6,7,8,9,,,1,,,,5,6,,,,10,11,12,,14,,16,17,,2,,,,4,,,,,,,,,,,,,,,,,,,,,,,,,,,,
272,1,3,3,2,3,5,1,1,4,1,,Chick-fil-a,Pizza Bella,Sticks,Aromas,River Run,2,2,2,1,1,1,1,1,1,"Local owner, local restaurant",2,2,1,3,,,,,,,,,,7,Dog catcher,,,,,,,,,,,N/A,1,,,,,6,,,,,,,,14,,,,work out regularly,3,1,,,4,,,,1,,,,,,,1,2,6,6,6,6,6,,3,3,3,3,3,3,3,3,3,
273,1,1,4,1,1,2,1,7,1,2,,Sticks,Chipotle,Ukrops,Chick-fi-A,Taco Bell,1,3,2,1,1,2,2,1,5,,1,1,1,1,,,,,,,,,,7,,,,,,,,,,,,,,,,,,,,,,,,12,13,14,,,,,2,,,,4,5,,,1,,,,,,,1,2,2,2,2,6,6,,1,3,5,1,2,2,2,2,,
274,1,2,3,1,1,3,1,1,5,2,,sticks,riverside lunch,tiptop,aqui mexico,beer run,2,2,1,2,1,2,2,1,3,,2,4,3,2,,,,,,,,,,7,Self Employed,,,,,,,,,,,,,,,,,,7,,,,,,,,,,,,1,,,,,,,,1,,,,,,,1,6,4,1,,4,1,,1,3,2,2,2,3,2,2,6,
275,1,2,3,2,1,1,4,1,3,1,,Rapture,Rev soup,Panera,Sticks,Citizen burger,2,1,1,1,1,2,2,1,1,,1,3,2,2,,,2,,,,,5,,,,1,,,,,6,7,,,10,,,,,,5,6,,8,,,,12,,14,15,,,,1,,,,,,,,,,,4,,,,1,1,2,6,2,1,6,,2,1,1,1,1,1,3,2,2,
278,1,2,2,2,1,5,1,1,3,1,,O'Charlie's,Dairy Bar,,,,2,2,1,1,1,1,1,1,2,,,,,,,,,,,,,,,,,,,,,,,,,,,,,,,,,,,,,,,,,,,,,,,,,,,,,,,,,4,,,,1,1,1,,,,,,3,3,3,3,3,3,3,3,3,
279,1,2,3,2,2,1,4,1,3,,,Applebees,McDonalds,Wendy's,Chinese,Sticks,2,2,1,2,1,1,1,1,2,,1,3,1,1,0,0,0,,,,,,,7,,,,,,,,,,,,,1,,,4,,6,7,,,10,11,,,14,15,16,,,2,1,,,,,,,1,,,,,,,1,1,6,6,6,6,6,,1,1,2,1,1,2,1,1,2,
280,1,3,4,2,2,6,1,1,3,,,Chipotle,Boar's Head Cafe,Sticks,Bodo's,Duner's,1,1,1,1,1,2,1,1,3,,1,3,2,2,2,,,,,,,,6,,,,,,,5,,,8,9,10,Martial Arts,1,,,,,,,8,,,,,,14,15,,17,Gym,2,1,,,4,5,6,,1,,,,,,,1,1,,1,1,,,,2,2,3,1,3,3,3,3,1,
281,1,1,3,1,1,2,1,2,5,2,,Basil,Tara Thai,,,,2,1,2,1,1,2,2,1,3,,1,1,1,1,,,,,,,,,,7,Student,,,,,,,,,,,,1,,,,,,,,,,,12,,,,,,,1,,,,,,,,1,,,,5,,,1,6,6,6,6,6,6,,4,2,3,3,2,3,3,3,3,
283,1,2,2,1,2,5,,1,2,,,Kebobs,Starbucks,Chick fil a,outback,,2,2,1,1,1,1,1,1,1,,1,3,2,2,1,,,,,,,,,7,,1,,,,5,,7,8,9,,,,,3,,5,,,,,,,,13,14,,16,,Crossfit,1,,,,,,,,,,,4,,,,1,5,6,1,6,6,6,,2,1,1,1,1,1,1,1,1,
284,1,2,4,2,2,2,5,,3,,,Bodos,Voccellis,Boylan heights,Mellow mushroom,Whole foods,,,,,,,,,,,,,,,,,,,,,,,,,,,,,,,,,,,,,,,,,,,,,,,,,,,,,,,,,,,,,,,1,,,,,,,1,1,1,1,1,6,1,,,,,,,,,,,
285,1,1,3,2,1,5,,,3,1,,Aztec,Wendys,Chilis,The Grille,McDonalds,1,2,2,2,2,2,2,1,2,,2,4,2,2,,,,,,,,5,,,Retired,,,,,,,,,,,,1,,,,,,,,9,,,,,14,,16,,,2,,,,4,5,,,1,,,,,,,1,1,,,,,,,2,2,3,3,2,2,3,2,6,
286,1,1,3,2,1,2,,,6,,,Westhampton pharmacy lunch counter,Sticks,Chipotle,Vietnam 1,,2,2,2,2,1,2,2,2,2,,1,3,3,2,,,,,,,,,,7,,,,,,,,,,,,,1,,,,,,,8,,,,,13,14,,16,,,1,,,,,,,,,,,4,,,,1,5,6,2,6,6,6,,2,3,2,3,2,2,3,2,6,
287,1,2,1,1,1,1,6,1,3,1,,Mexican,Thai 99,Sticks,bodos,chik fil a,2,2,2,1,1,2,,1,3,,1,1,1,2,0,0,0,1,,,,,,,,,,,,,,,,,,,1,,,,,6,,,,,,,,14,15,16,,,2,,,3,4,,,,1,,,,,,,1,1,1,2,2,6,6,,2,1,2,1,1,2,2,2,3,
288,1,3,2,2,2,3,4,3,3,,,Panera bread,Cracker barrel,Outback,Travinia Italian kitchen,Mcdonalds,1,1,1,1,1,2,2,2,2,Looking for low carb options,1,3,2,2,0,0,1,,,,,,,7,Healthcare,,,,,,6,,,,,,,,,,,,,,,,,,,14,,,,"Gym, concerts",2,,,,,5,,,1,,,,,,,1,3,6,4,6,6,6,,2,2,2,1,1,1,1,1,1,
289,1,1,4,2,1,1,1,4,2,1,,Chipotle,Sticks,Panera,Aromas,Feast,1,2,1,1,1,1,2,2,2,,1,1,1,1,0,0,0,,,,,,,7,,,,,,,,,,,,,1,,,,,,,,,,,,,,,,,,1,,,,,,,,1,,,,,,,1,1,3,6,1,6,6,,3,3,4,3,2,2,2,2,2,
290,1,3,3,2,1,2,6,2,1,1,,Chick fil a,Wild wings,Bodos,Christians,,1,2,1,1,1,1,1,1,2,,1,3,3,2,2,,,,,,,,6,,,1,,,4,5,6,7,8,9,10,,1,,,,,,,,,,,12,13,14,15,16,17,,2,,,,,5,,Attractions book,1,,,,,,,1,6,1,,,1,,,3,3,3,3,3,3,3,3,3,
291,1,1,4,1,1,3,2,1,3,,Two free work lunches,Wild wing cafe,Subway,Bodo's,Sticks,Zazu's,2,2,1,1,1,4,2,1,4,,1,2,3,2,0,0,0,,,,,,,7,,,,,,,,,,,,,1,,,,,,,,,,,,,,15,,,,4,1,,3,,5,,Attractions coupon book,1,,,,,,,1,6,1,1,1,6,6,,3,3,2,1,2,3,4,2,6,
292,1,1,4,3,3,1,3,1,4,1,,sticks kebab shop,panera,starbucks,five guys,chipotle,1,2,1,1,1,2,1,1,2,,1,3,2,1,,,,,,,,,,7,,,,,,,,,,,,,,,,,,6,,8,,,11,12,13,14,,16,,,1,,,,,,,,,,,4,,,wnrn radio ads,1,6,4,6,6,6,6,,3,2,1,1,1,2,2,1,2,
293,1,1,2,1,2,,,5,,,,maharaja,Now and Zen,Bodos,afgan kebab palace,mas,3,1,1,2,1,2,2,1,2,,1,2,2,2,,,,,,,,5,,,,,,,,,,,,,,,,,,,5,6,,,,10,,12,,14,,,,,2,1,,3,,,,,1,,,,,,,2,,,,,,,,4,3,3,3,3,3,4,3,3,
294,1,1,2,2,1,2,3,1,3,2,,Qdoba,CiCi's,Panera,Uno's,,,,,,,,,,,,1,3,1,1,0,0,0,,,,4,,,,Animal welfare,,,,,,,,,,,,,,,,,,,8,,,,,,,,,,Cooking,2,1,,,4,5,,,,,,,,,,,,,,,,,,,,,,,,,,,
295,1,2,2,2,1,1,3,1,2,2,,Qdoba,Panera,Cici's Buffet,Unos,South of the Border,,,,,,,,,,,1,1,1,1,0,0,0,,,,,,6,,Animal Welfare,,,,,,,,,,,0,1,,,,5,,,,,,,12,13,14,,,,,2,,2,3,4,5,,,,,,,,,,,,,,,,,,,,,,,,,,,
296,1,3,2,1,2,6,1,1,2,2,,Sticks,Feast,Clementines,Speakeasy,Subway,1,1,1,1,1,2,2,2,3,,1,2,2,2,1,1,,,,,,,,7,,,,,,,,,8,9,,,,,,,,,,,,,,,,14,,16,17,,2,1,2,3,4,5,,,1,,,,,,,1,1,1,1,1,6,6,,1,1,2,1,1,4,2,2,6,
298,1,2,2,3,1,6,4,1,1,1,,Sub Way,Arbys,McDonalds,Fire House Subs,Five Guys,1,2,1,2,1,2,2,1,2,,2,3,3,2,0,0,0,,,,,,,7,Logistics Management Specialist,,,,,,,,,,,,1,,3,,,,,,,,,,,14,,16,,,2,1,2,,,5,,,,,,4,,,,1,6,6,3,6,6,6,,2,2,2,1,1,2,2,2,3,
299,1,1,4,2,2,2,1,2,5,2,I work for dominoes.   Eat free za often,Mcdondalds,Wendys,Dominoes,Wing place,Chinese buffet place,,,,,,,,,,,,,,,,,,,,,,,,,,,,,,,,,,,,,,,,,,,,,,,,,,,,,,,,,,,,,,,,,,,,,,,,,,,,,,,,,,,,,,,
300,1,1,3,2,1,7,1,1,1,1,,ruby tuesdays,red robin,applebees,,,4,1,1,1,1,2,2,1,4,,1,3,3,2,,2,,,,,,,6,,,,,,4,5,,7,8,,10,field hockey,,,3,,5,6,,,,,,,,14,15,16,,exercise.,2,1,2,,4,5,6,,1,,,,,,,1,6,6,6,1,6,6,,1,1,3,1,1,2,2,1,3,
301,1,1,3,1,1,5,1,1,4,1,,Peking (local buffet),Domino's pizza,Subway,Sticks,Plaza Azteca,2,3,1,2,1,2,2,2,2,,1,3,3,2,,2,,,,,,,6,,,,,,4,5,,,,,,,,,,,,,,,,,,,,,,,,,4,,2,3,4,5,6,"Tide Radio save program  note:  Valpak restaurant coupons are usually not worth much, Groupons are the best deals",,,,4,,,,1,2,6,6,6,6,6,,2,3,6,1,3,3,3,3,3,"We think that Sticks is on the expensive side, but they offer some coupons/deals that we use and feel it is then affordable.  We would not visit very often without these deals."
302,1,1,2,2,2,1,5,1,3,1,,Chipotle,Take it Away,Panera,Sticks,Christian's,2,2,2,1,1,2,2,2,4,,1,3,3,2,0,0,0,,,,,,,7,,,,,,,,,,,,,,,,,,6,,8,,10,11,,,14,15,,,,1,,,,,,,,,,,4,,,,1,2,6,6,6,6,6,,3,4,3,2,3,3,3,3,2,
303,1,3,2,2,2,1,1,5,3,4,,Wendys,Hardee's,Mcdonalds,,,1,1,1,1,1,1,1,1,1,,2,2,2,2,,,,,,,,,,7,,,,,,,,,,,,,,,,,5,,,,,,,,,14,,,,,1,,,,,,,,1,,,,,,,1,6,5,6,6,6,6,,1,1,1,1,1,1,1,1,1,
304,1,3,2,1,3,,,,,,,,,,,,,,,,,,,,,,,,,,,,,,,,,,,,,,,,,,,,,,,,,,,,,,,,,,,,,,,,,,,,,,,,,,,,,,,,,,,,,,,,,,,,,,,,,,
305,1,2,4,2,1,1,1,1,6,2,,Everyday cafe - Liberty,Mcdonalds,Wendys,Arbys,Burger King,1,1,1,1,1,1,1,1,1,,1,2,2,2,2,0,0,,,,,,,7,Insurance Adjuster,,,,,,,,,,,none,,,,,,,,,,,,,,14,,,,,3,,,,,,6,,1,,,,,,,1,3,1,6,6,6,6,,1,1,4,1,1,1,1,1,1,
306,1,2,3,3,1,1,1,2,4,2,,Everyday Cafe,Christians,Sticks,McDonalds,Wendys,1,3,1,4,1,2,2,2,4,,1,2,1,2,1,,,,,,,,6,,Insurance professional,,2,,,,,,,,10,,,,,,,,,,,,,,,,15,,17,,2,,,,,5,6,,,,,4,,,,1,3,6,6,6,6,6,,3,4,2,2,2,2,2,2,6,
307,1,2,2,2,2,3,3,1,3,1,,Sticks,Chinese,Vinnys,Outback,,1,1,2,1,1,1,1,1,1,,1,2,1,2,,,,,,,,,,7,RN,,,,,,,,,,,,,,,,,,,,,,,,,,,,,,2,1,,,4,5,,,,,,4,,,,1,3,1,1,1,6,6,,1,1,1,1,1,1,1,1,1,
308,1,3,3,1,1,5,1,4,3,1,,Sticks,Ace BBQ,Vita Nova,Red Lantern,Jade Garden,1,1,1,1,1,1,1,1,1,,1,2,1,1,,,,,,,,,,7,,,,,,,,,,,,,,,,,,,,,,,,,,,,,,,2,1,2,3,,5,,,1,2,,,,,,1,1,1,6,6,6,6,,1,1,1,1,1,1,1,1,1,
309,1,2,3,2,1,3,1,1,4,3,,TAVERN ON THE JAMES,AMICIS,STICKS,CHICK FILET,,1,1,1,1,1,1,1,1,2,,1,3,1,2,,,,,,,,,6,,,,,,,,,,,,,,1,,,,,6,,8,,10,,,,14,,,,,1,,,,,,,,1,,,,,,,1,2,6,6,6,6,6,,3,3,3,2,2,3,3,2,3,
310,1,2,3,2,2,4,2,,3,2,,Bodo's,Sticks,Ariana's,,,1,1,1,1,1,1,2,1,2,,2,3,2,2,2,,,,,,,,,7,,,2,3,,,6,7,,,10,,1,2,,4,5,6,,,,10,,,13,14,15,,17,,2,1,2,3,4,5,6,,1,,,,,,,1,6,2,1,6,6,3,,1,1,4,1,1,1,1,1,1,
311,1,2,3,2,2,2,1,1,4,2,,Carving board,Kyoto,Chick-Fil-A,Sticks,Wendy's,1,2,2,1,1,2,2,1,3,,1,3,2,2,0,0,0,,,,,,,7,Registered Nurse,,,,,,,,,,,,1,,,,,,,,,,,,,14,,,,"art and theatre, ballroom dancing",1,,,,,,,,1,,,,,,,1,4,4,,,,,,1,1,2,1,1,3,3,1,3,
312,1,2,2,2,2,3,4,1,2,2,,Sticks,College Inn,Basil,Lemongrass,,1,1,1,1,1,2,3,1,2,,1,2,1,2,,,,,,,,,6,,Sales,,,,,,,,,,,,,,,,,,,,,,,,,,,,,,2,,,,4,,,,1,,,,,,,1,6,4,6,6,6,6,,2,2,1,1,1,1,2,2,2,
313,1,2,1,1,1,1,2,1,4,,,sticks,subway,,,,1,1,1,2,1,1,1,1,3,,1,3,2,1,0,,,,,,,,,7,,,,,,,,,,,,,,,,,,,,,,,,,,,,,,walking,1,,,,,,,,1,,,,,,,1,4,,,,,,,3,3,3,3,3,3,3,3,3,
314,1,3,4,2,3,,6,,,,,Chipotle,Sticks,Osaka Sushi,Plaza Azteca,Superstars,1,1,1,1,1,1,1,1,1,,1,2,3,2,0,0,0,,,,,,,7,Nurse,,,,,,,,,,,,1,2,3,,5,,,,,,11,,,14,15,16,,,1,,,,,,,,1,,,,,,,1,6,2,6,2,6,6,,3,3,3,2,3,2,2,3,2,
315,1,1,3,1,2,4,2,1,2,2,,Kyung Sung,Center Street Grille,The Cove,Chik Fil A,bUFFALO wILD wINGS,,,,,,,,,,,1,2,1,2,2,,,,,,,,6,,,1,,,,,,7,8,9,10,,,,,,,,,8,9,10,11,,13,14,15,16,17,,2,1,2,3,4,5,,,,,,,,,,,,,,,,,,,,,,,,,,,
316,1,2,1,2,2,2,1,1,5,1,,Chipole,Quordoba,Sticks,Chick fillet,Panera,1,2,4,4,1,2,2,2,3,,1,3,3,2,,U,2,,,,,5,,,Counselor,,,,,,,,,,,Na,,,,,,6,,,,10,,,,14,15,16,,,3,,,3,,,,,1,,,,,,,1,3,,,,,,,2,3,4,2,,3,2,2,3,
317,1,1,4,2,1,3,5,,2,1,,Blue Moon Diner,Downtown Thai,Revolutionary Soup,Shebeen,Ariana Kebob,1,3,3,3,1,2,3,2,1,"Organic meats, local produce",1,2,2,2,1,,,,,,4,,,,,,,,,,,,,,,too young,1,,3,,,,,8,,10,,12,,14,15,,17,Soccer,1,,,,,,,,1,,,,,,Don't remember,1,6,1,6,6,6,6,,2,3,3,3,2,3,4,2,3,
318,1,2,3,2,1,2,2,1,4,,,Jasons Deli,Wendys,Panera,Sticks,Guadalajara,1,1,1,1,1,1,2,2,3,,1,2,2,2,2,1,,1,,,,,,,,,,,,,,,,,,Competition Cheerleading,,,,,5,,,,,,,,,,,,17,,1,,,,,,,,,,,4,,,,1,1,1,1,6,6,6,,4,2,3,2,1,2,2,2,3,
319,1,2,4,2,4,1,6,1,1,1,,Chipotle,Chick Fil A,Sticks,Taqueria Poblano,,2,3,2,1,1,2,2,1,3,,1,2,2,1,0,0,0,,,,,,,7,,,,,,,,,,,,,1,,,,,6,,,,,,,,,,16,,,2,1,2,3,4,5,,,1,,,,,,,1,,,1,1,,,,5,3,3,2,1,3,3,3,6,
320,1,1,3,2,1,1,1,2,5,1,,Sticks,Feast,Paneras,Aromas,UVA Cafeteria,1,2,1,1,1,2,2,2,2,coupons available for returning customers,1,3,2,2,2,1,1,,,,,5,,,physician,1,2,3,4,,6,,8,,10,"squash, gymnastics, band,robotics",,,,,5,,,,,,,,,,,,17,,3,1,,,4,5,,UVA phone book,,,3,,,,Coupon in the UVA phone book,1,5,4,3,3,1,6,,2,2,2,2,2,2,2,2,2,
321,1,1,1,2,2,2,4,1,3,2,,Sticks,Wendys,Henrys,Home,Home,2,3,2,3,1,2,3,2,3,,1,3,2,2,,1,4,1,,,,,,,Systems Administrator,,,,,,,,,,,None,,,3,,,,,8,,,,,,,,,,Horseback Riding,2,1,,,,5,6,,1,,,,,,,1,2,6,6,6,6,6,,2,3,3,3,3,3,3,2,3,
322,1,2,4,2,2,3,4,1,2,1,,panera,chipotle,chick fil a,,,2,2,1,1,1,2,2,1,2,,1,3,2,2,,,,,,,,,,7,,,,,4,,,,,,,,1,,,,5,,,8,,,,12,,,,,17,,3,1,2,,4,5,,,1,,,,,,,2,,,,,,,,1,1,1,1,1,1,1,1,1,
323,1,1,4,2,2,5,1,1,2,1,,at home,The Cook Out,Busch Gardens,Sticks,DOG Street Pub,1,2,1,1,1,1,1,1,2,,2,2,1,2,,,,,,,,5,,,Museum Work,,,,,,,,,,,,1,,,,,6,,,9,10,11,,,,,16,,,1,,,,,,,,,,,4,,,,1,,1,,,,,,2,3,2,2,2,2,3,2,3,
324,1,3,4,2,2,4,2,1,3,2,,Zazus,Sticks,Outback,Guadalajara,Plaza Azteca,1,1,1,1,1,2,2,2,2,,2,2,2,1,0,0,0,,,,,,,7,IT,,,,,,,,,,,,,,,,5,6,,,,,,,,14,,16,,Soccer,2,1,,3,4,5,6,,1,,,,,,,1,3,4,2,3,6,6,,2,3,3,2,2,2,2,2,2,
325,1,1,2,2,2,1,6,1,2,1,,mcdonalds,chick fillet,taco bell cobbs,dominos,sticks,1,1,1,1,1,1,1,1,1,,1,2,1,2,1,1,,,,,,,,7,medical field,,2,,,,6,,8,,10,baseball,,,3,,,6,,,,,,,,,15,,17,"crafts, gym",2,1,2,3,4,5,6,coupon books,1,2,,,5,,,1,1,6,6,6,6,6,,1,1,1,1,1,1,1,1,1,
326,1,1,4,2,2,2,1,1,5,1,,arbys,chik fila,wendys,mcdonalds,sticks,3,2,2,2,1,2,2,2,2,,2,3,1,1,,1,2,,,,,,,7,sales,,,,,,,,,,,,,,,,,,7,,,,,,,14,,16,,,2,1,2,3,,5,,,,,,4,,,,1,3,6,6,6,6,6,,3,1,2,2,1,1,1,1,2,
327,1,1,4,2,1,1,,5,2,3,,Tropical Smoothie,Sticks,Pita Pit,Applebee's,,1,1,1,1,1,1,1,1,5,,1,1,1,1,,,,,,,,,6,,Student,,,,,,,,,,,,,,3,,,,,,,,,,,14,,16,,,1,,,,,,,,1,,,,,,,1,2,1,1,2,6,6,,3,2,3,2,1,1,3,1,6,
328,1,1,2,2,2,2,1,4,3,1,,Sticks,Cookout,Bellair Market,Panera,Chipotle,2,2,2,2,1,2,2,2,2,,1,2,2,1,0,0,0,,,,,5,,,,,,,,,,,,,,,1,,,,,,,,,,11,12,,14,,16,,,1,,,,,,,,1,,,4,5,,,1,3,1,1,2,1,6,,2,1,1,1,1,2,2,1,2,
329,1,2,4,2,2,2,5,3,,,,Panera,Sticks,Noodles & Company,Hondos,Burgerworks,1,2,1,2,1,2,2,1,3,,1,2,2,1,0,,,,,,4,,,,,,,,,,,,,,,,,2,,,5,6,,,,,11,,,14,,,,,3,1,2,,4,5,,,1,,,,,,,1,2,1,,1,,,,1,3,4,2,3,3,3,3,6,
330,1,2,3,2,2,1,6,1,1,1,,Outback,Jason's Deli,Mexican,Sticks,Melting Pot,1,1,1,1,1,1,1,1,3,,1,2,3,2,0,0,0,,,,,,,7,,,,,,,,,,,,,,,,,5,,,,,,,12,,14,,,,,2,1,,3,,5,,,1,,,,,,,1,6,3,6,6,6,6,,4,3,3,2,2,3,3,3,6,
331,1,1,4,2,2,1,1,1,6,,,Wendy's,Tubby's,McDonalds,Sticks,East Garden,1,2,1,2,1,1,2,1,2,,1,3,3,2,0,0,1,,,,,5,,,,,,,,,6,,8,,10,,,,,,,,,,,,,,,14,15,,17,,1,,,,,,,,1,,,,,,,1,3,6,1,6,6,1,,1,2,3,2,2,1,3,1,2,
332,1,2,2,3,2,3,2,1,6,1,,Chipotle,Sticks,Noodles and co,Wendy's,Burger king,1,2,1,1,1,2,2,2,2,,1,2,3,2,Two,,,,,,,,6,,,1,,,,,,,,,,,,,,,5,,,,,,,12,,14,,,,,4,,2,3,,5,,,,,,4,,,,1,5,1,1,1,6,6,,2,2,2,1,1,1,1,1,3,
333,1,1,3,2,2,1,1,1,6,1,,Shadwells,Applebees,Tubbys,Sticks,Outback,1,1,1,1,1,1,1,1,1,,1,3,2,2,,,,,,,,,,7,,,,,,,,,,,,,,,,,,,,,,,,,,,,,,,2,1,2,3,,5,,,1,,,,,,,1,3,1,1,6,6,6,,2,2,2,2,2,2,2,2,2,
334,1,2,3,2,1,6,1,1,3,,,MacDonalds,Seltzers Steak House,,,,1,1,2,2,1,2,2,2,3,,2,4,1,2,0,0,0,,,,,,,7,,,,,,,,,,,,N/A,,,,,,,,,9,,11,,,,,,,,1,,,,,,,,,,,4,,,,1,,,1,,,,,1,2,1,1,1,1,1,1,1,
335,1,2,4,1,1,5,6,1,3,1,,Fire House Subs,Sub Way,Noodles,Panera,"Red, Hot and Blue",1,2,1,2,,1,2,1,2,,1,3,3,2,,,,,,,,5,,,,,,,,,,,,,,,1,,,,,6,,8,,,,,,14,,16,17,,2,1,,,4,5,,,,,,4,,,,1,1,6,1,6,6,6,,2,3,2,2,1,1,2,1,3,
336,1,1,4,1,2,4,1,4,2,1,,Sticks,guadelahara,Thai 99,Fry Springs Station,C&O,2,2,1,1,1,2,2,1,2,,1,2,1,2,,,,,,,,5,,,nurse,,,,,,,,,,,,,,3,,5,6,,8,,10,,,,14,15,16,,,1,,,,,,,,,,,4,,,,1,4,6,1,1,6,6,,2,2,4,2,2,3,3,2,3,too expensive
337,1,3,4,2,2,4,3,1,3,1,,Sticks,Bodos,Panera,Subway,brixx,1,3,2,1,1,2,2,1,2,,1,3,3,2,0,0,0,,,,,,6,,registered nurse,,,,,,,,,,,,1,,,,,6,,,,,,12,,,,16,,,1,,,,,,,,1,,,,,,,1,1,3,1,3,6,6,,3,3,2,1,1,2,3,1,2,
338,1,2,2,1,2,1,1,1,6,1,,panera bread,jersey mike's,moe's,chick fil-a,five guys,1,2,2,2,1,1,2,1,2,,2,3,3,2,0,0,0,,,,,,,7,,,,,,,,,,,,,,,,,,,,,,,,,,14,15,,,,2,,,,,5,,,,,,4,,,,1,6,2,1,3,6,6,,2,1,3,2,1,1,2,1,2,
339,1,3,4,2,2,3,1,1,5,2,,Ruby Tuesday,Whole Foods,Sticks,Panera,Aromas,1,2,2,3,2,3,4,2,2,,1,4,3,2,0,0,0,,,,4,,,,retired,,,,,,,,,,,no children,1,,,,,,,,,,,12,13,14,15,,,,2,,,,4,5,,,1,,,,,,,1,6,3,6,1,6,6,,1,3,2,2,2,3,3,3,2,
340,1,1,4,2,1,6,1,1,3,1,,MacDonalds,Dunkin Donuts,,,,1,2,2,2,2,1,2,2,2,,2,4,1,2,0,0,0,,,,,,,7,,,,,,,,,,,,N/A,,,,,,,,,9,,11,,,14,,,,,1,,,,,,,,,,,4,,,,1,,,1,,,,Just went for the first time,2,3,1,1,1,1,1,6,6,
341,1,1,4,1,1,3,2,1,3,,,Citizen,Mekong,Comfort,8/1/2002,Mamma 'Zu,2,3,3,2,1,2,2,1,2,,1,3,3,2,0,0,0,,,,,,,7,,,,,,,,,,,,,1,,,,,,,8,,,,,13,14,,16,,,2,1,,,4,5,,,,2,,,,,,1,,,1,1,,,,4,3,3,2,3,3,3,3,3,
342,1,1,3,2,1,7,1,1,1,1,,Sticks,Subway,Ruby Tuesday,Carrabas,Victoria's,2,2,1,1,1,1,1,1,2,,1,4,2,2,,,,,,,,5,,,retired,,,,,,,,,,,,1,,,,,6,,,,,,,,14,,16,,,1,,,,,,,,,,,4,,,,1,6,3,6,6,6,6,,3,3,3,3,3,3,3,3,3,
343,1,1,4,2,2,7,1,1,2,1,,Moe's,Chicfila,Sticks,,,1,1,1,1,1,1,1,1,1,,1,2,2,1,1,1,,,,,,,,7,Financial Director,,,,,,,,8,9,,Baseball,,,,,5,,,,,,,,,,,16,17,,4,1,,,4,5,,,1,,,,,,,1,6,1,6,6,6,6,,3,2,3,2,2,3,2,2,3,
344,1,1,4,2,2,7,1,1,1,1,,"Isaac's Deli & Restaurant (just moved to VA, this is a PA chain)",Panera Bread,Rice & Noodles (Vietnamese),Maharaja Indian,Sticks Kebob Shop Pantops,2,3,1,1,1,1,2,1,3,,1,2,2,2,0,0,0,,,,,,6,,,,,,,,,,,,,,,,,,,6,,8,,,11,12,,14,,,,cooking,2,1,2,3,4,5,,,1,,,,,,,1,2,2,6,6,6,6,,3,3,4,1,2,4,2,3,6,
345,1,2,4,2,2,4,1,1,2,1,,Panera,Chick Fil A,Moe's,Champps,Toast,2,2,1,2,1,2,2,1,2,,1,3,3,2,1,,,,,,,,,7,,1,,3,,5,,,8,9,10,"Gymnastics, Basketball",1,2,3,,5,,7,,,,11,,13,14,15,16,17,,3,1,,3,4,5,,,,,,,5,,,2,,,,,,,,3,2,3,2,2,3,3,2,3,
346,1,2,3,2,3,4,1,2,2,1,,Panera,Chick Fil A,Champps,Moe's,Toast,2,2,1,1,1,2,2,1,2,,1,3,3,2,1,,,,,,,,,7,,1,,3,,5,,,8,9,10,"Gymnastics, basketball",1,2,3,,5,,7,,,,11,,13,14,15,16,17,,3,1,,3,4,5,,,,,,,5,,,2,,,,,,,,3,2,3,2,2,3,3,2,3,
347,1,1,4,4,1,1,5,1,2,1,,Mediterreaneo,Plaza Azteca,Jason's Deli,Chipotle,Sticks,1,2,2,2,1,2,2,1,2,,1,2,2,2,1,,,,,,,,,7,Scientist,1,,,,,,,,9,,,,,,,,,,,,,,,13,,,16,17,,2,1,2,3,,5,,,1,,,,,,,1,1,6,6,6,6,6,,1,1,2,2,2,2,2,2,6,
348,1,2,4,2,1,3,4,1,3,1,,Chipotle,Sticks,Panera,A food truck,Arbys,1,2,1,3,1,2,2,1,3,,1,1,1,2,,,,,,,,,,7,,,,,,,,,,,,,1,,,,5,,,,,,,,,14,,,,,2,,,3,,,,,1,,,,,,,1,3,6,6,6,6,6,,3,3,3,6,2,3,3,3,6,
349,1,2,4,2,2,3,5,1,2,1,,Chipotle,Panera,Sticks,Sticky Rice,8/1/2002,1,4,1,1,1,5,5,4,5,,1,2,2,2,0,0,0,,,,,,,7,Scientist,,,,,,,,,,,,1,,,,5,,,,,,,,,14,15,16,,,4,,2,3,4,5,,,,,,4,,,,1,3,1,6,6,6,6,,1,4,5,1,1,3,3,2,3,
350,1,1,1,1,1,7,1,1,1,1,,Sticks,Tip Top,West Main,Bonefish Grill,,1,,1,,1,1,1,1,1,,2,4,2,2,0,0,0,,,,,5,,,,,,,,,,,,,,,1,,,,,,,,,,,,,,,,,excercise,1,,,,,,,,1,,,,,,,1,,1,,,,,,2,3,1,3,1,1,1,1,1,
351,1,2,2,2,1,2,4,1,4,1,,Raising canes,Popeyes,Sticks,Pizza Hut,,3,2,1,2,1,1,1,1,3,,1,3,2,1,,,1,,,,,,,7,,,,,,,,,,,,,,,,,,,,8,,,,,,14,,,,Women ministry,5,1,,,,5,6,,,,,,5,,,1,3,4,1,6,1,6,,6,3,3,2,2,1,1,1,1,
352,1,1,2,1,2,2,6,2,3,1,,Sticks,royal indian,mas,equi es mexico,wendys,1,1,1,1,1,2,1,1,2,,1,2,1,1,,,,,,,,5,,,,1,,,,,,,,,,,,,,,5,,,,,,,,,,,,,,1,,,,,,,,1,,,,,,,1,1,3,2,3,6,6,,1,1,1,1,1,1,1,1,1,
353,1,2,2,2,2,6,2,1,2,1,,Sticks,Archs,Subway,Whole Foods (cafe/salad bar),Panera,2,3,2,1,1,2,2,2,3,,1,1,1,1,,,,,,,,5,,,Graduate Student,,,,,,,,,,,,,,,,5,6,,,,,,,,14,15,16,,,3,,,3,,5,,,1,,,,,,,1,2,3,3,3,6,6,,2,3,2,1,1,1,2,2,2,
354,1,1,4,2,1,1,6,1,1,1,,Panera,Five Guys,Taco Bell,Jason's Deli,Bonefish,1,1,1,1,1,1,1,1,1,,1,1,1,3,,1,,,,3,,,,,Nurse,,,3,,,6,,,,,Cross Country,1,,,,,6,,,,,,12,,14,,,17,,1,,,,,,,,1,,,,,,,1,6,3,6,3,1,6,,4,4,3,2,1,2,2,2,2,
355,1,1,4,2,1,1,1,1,7,1,,chickfila,subway,,,,2,2,2,2,2,2,2,2,3,,1,3,2,1,,,,,,,,,6,,,,,,,,,,,,,,,2,,,5,,,8,9,,,,,14,,,,,2,1,2,3,4,5,6,,,,,4,,,,1,1,6,6,6,6,6,,3,3,3,3,3,3,3,3,3,
356,1,3,4,2,1,7,1,1,2,1,,Mauritzio's,Sticks,LaTolteca,Plaza Azteca,Guiseppis,1,1,1,1,1,1,2,1,2,,1,3,2,2,0,0,0,,,,,5,,,retired,,,,,,,,,,,,1,,,,,,,8,9,,11,,,14,,16,17,,2,1,,,4,5,6,,1,,,,,,family in Charlottesville,1,1,4,6,6,6,6,,1,1,3,1,1,1,2,1,3,
357,1,2,3,3,2,5,1,1,3,1,,Chipolte,Sticks,Christians,,,1,2,1,1,1,2,2,1,2,,1,2,3,2,2,,,,,,,,6,,,1,,,,5,,7,,,,,,,,,5,,,,,,11,,,,,,,,2,1,,,,5,,,,,3,,,,,1,3,1,1,6,6,6,,3,3,2,1,1,1,2,1,1,
359,1,1,4,1,1,2,1,1,3,3,,Martins,Chic. Fila,BBQ,Home,N/a,,,,,,,,,,,1,1,2,3,0,1,3,,,,,,,7,Stylist,,,,,,,,,,10,,,,,,,,,,,,,,,14,,,,,1,,,,,,,,,,,,,,,,,,,,,,,,,,,,,,,,
360,1,2,2,1,1,1,1,1,3,4,,Mcdonalds,Cracker Barrel,Burger King,Taco Bell,Costco,1,1,1,1,1,2,2,1,3,,1,3,2,2,2,1,2,1,,,,,,,,,,,,,,,,,,Hockey,,,,,,6,,,,,,,,,,,17,,2,1,,3,4,5,6,,1,,,,,,,2,,,,,,,,1,1,3,3,1,3,2,1,3,
361,1,2,4,1,1,1,2,1,5,,,Sticks Kebob Shop,Christians Pizza,Wendy's,Bodo's,Taco Bell,1,1,1,1,1,1,1,1,1,,1,3,1,1,0,0,0,,,,,,,7,,,,,,,,,,,,,,,,,,6,,8,,,,,,14,,16,,reading mysteries,2,1,,3,,5,,Attractions Book,,,,4,,,,1,4,6,6,6,6,6,,1,1,1,1,1,1,1,1,1,
362,1,3,2,1,2,4,1,1,1,5,,boylan,toros tacos,mellow mushroon,sushi love,crozet pizza,,,,,,,,,,,1,1,1,1,,,,,,,,5,,,,,,,,,,,,,,,,,,,,,,,,,,,,,,,,,2,,2,3,4,5,,,,,,,,,,,,,,,,,,,,,,,,,,,
363,1,2,2,2,2,,4,2,3,1,,Chipotle,UVa's Fine Arts Cafe,Other UVa Dining,Stix,,2,2,2,2,1,1,2,1,1,Organic or local meat/produce,1,2,1,1,0,0,0,,,,,5,,,Health Educator,,,,,,,,,,,no children,,,,,,,,,,,,,,,,,,"Working out, couponing",1,,,,,,,,1,,,,,,,1,1,1,6,6,6,6,,1,2,3,2,1,2,2,2,2,
364,1,1,2,1,1,6,,3,,,,Lemongrass,Little Johns,Bodos,Rev Soup,Panera,,,,,,,,,,,1,1,2,2,,,2 (My brother and I live with our parents),,,,,,,7,Student,,,,,,,,,,,,1,,,,5,,,,,,,12,,14,,,,,1,,,,,,,,,,,,,,,,,,,,,,,,,,,,,,,,
365,1,1,1,1,1,6,1,1,3,1,,little johns,bodos,christians,take it away,lemongrass,,,,,,,,,,,1,1,1,3,0,0,0,,,,,5,,,student,,,,,,,,,,,,1,,,4,5,6,,,,,,12,,,,,,,1,,,,,,,,,,,,,,,,,,,,,,,,,,,,,,,,
366,1,2,3,2,3,4,4,3,3,2,,Bodo's,Cookout,Stick's,Belmont BBQ,Panera,2,1,1,1,1,1,1,2,2,,1,1,1,1,,,,,,,,5,,,student,,,,,,,,,,,,1,2,,4,5,,,,,,11,12,,14,,16,,,2,,2,3,4,,,,1,,,,,,,1,3,3,1,1,6,6,,1,1,1,1,1,1,1,1,1,
367,1,2,2,2,2,7,1,1,1,3,,Rev Soup,Boylan,Trinity,Starbucks,Panera,1,1,1,1,1,1,1,1,,,1,1,3,1,0,0,0,,,,,,,7,student,,,,4,,,,,,,,1,,,,5,,,,,,11,12,,14,,,,,2,,,3,,,,,,,3,,,,,1,6,2,2,2,6,6,,1,1,1,1,1,1,1,1,1,
368,1,2,4,2,1,1,1,2,5,3,,Taco Bell,ChikFilA,McDonald's,Stick's,Arby's,2,3,1,2,1,3,3,2,3,,1,2,1,1,0,0,0,,,,,,,7,,,,,,,,,,,,,,,,,5,,,,,10,,,,14,,,,,2,1,,3,4,5,,,1,,,,,,,1,4,1,6,6,6,6,,2,3,4,1,1,2,2,2,2,"In regards to price, I hate to use the word ""worse"".  I am willing to pay a little higher price for the food at Stick's, but sometimes the prices detracts me from eating there."
369,1,2,3,3,3,1,2,2,2,1,,El vaquero west,Dogwood,Sticks,Riverside,Zazus,1,1,1,1,1,1,3,1,2,,1,2,2,2,0,0,0,,,,,,,7,,,,,,,,,,,,,,,,,,,,8,,,,,,14,15,,,,2,1,2,3,4,5,,,1,,,,,,,1,1,6,6,6,1,6,,3,1,1,1,1,1,2,1,2,
370,1,3,2,2,2,,3,,4,,,Panera,Qdoba,Chick-fil-a,McDonalds,,1,3,1,2,1,2,2,2,2,,2,3,3,2,1,1,,1,,,,,,,,1,,,,5,,,,,10,,1,,,,,,,,,,,,,,15,,17,,4,1,,3,,5,,,,2,,4,,,swim team promotion,1,1,,,,,,,3,3,4,1,1,2,4,2,2,
371,1,2,3,2,2,2,5,1,2,1,,Rico's,tazikis,Panera,Chick-Fil-A,Chipotle,2,2,2,2,1,3,2,2,4,,1,2,3,2,0,0,2,,,,,,,7,,,,,,,,,,,,,,,,,,,,,,,,,,14,,,,,1,,,,,,,,1,,,,,,,1,6,1,6,6,6,6,,2,3,3,2,2,3,3,3,6,
372,1,1,4,2,2,2,1,2,5,2,,Subway,Burger King,McDonalds,Chickfila,Sticks,1,2,1,2,2,1,2,2,2,,2,2,1,2,4,0,0,,,,,,,7,,,,,,,,,8,9,10,Baseball,1,,,,,,,,,10,,,,,15,,17,,2,1,2,,4,5,,,,,,4,,6,,1,1,1,1,6,6,6,,1,1,1,1,1,1,1,1,1,
373,1,1,4,1,1,5,1,1,,4,,Starbucks,Aromas,Qdoba,Sticks,Cheese Shop,2,2,1,2,1,2,2,1,2,,1,2,1,1,,,,,,,,5,,,,,,,,,,,,,,,,,,,,,,,,,,,,,,,,,2,,,,4,5,,,,,,4,,,,1,6,4,6,6,6,6,,3,2,4,2,2,3,3,3,3,
374,1,2,2,2,2,1,2,2,2,5,,Panera,Sticks,Chipotle,Chick fil A,,1,2,1,1,1,1,1,1,1,,1,2,2,1,0,0,0,,,,,,,7,,,,,,,,,,,,,,,,,,,,,,,,,,,,,,,1,,,,,,,,1,,,,,,,1,6,5,2,4,6,6,,1,2,3,1,2,1,1,1,2,
375,1,2,3,2,2,4,4,1,1,2,,Eppies,Royal Indian,Sticks,Bodos,Maharaja,1,1,1,1,1,2,1,1,1,,1,3,3,2,0,0,0,,,,,5,,,,,,,,,,,,,,,1,,,,,6,,8,,,,12,,14,,16,,,3,1,2,,,5,,,,,,4,,,,1,1,6,6,1,6,6,,1,1,2,2,1,3,3,3,3,
376,1,1,4,1,1,1,4,1,3,3,,The Market,Sedona,Noodles & Company,Foods of all nations,Sticks,2,2,2,1,1,2,2,2,2,,1,2,2,1,0,0,0,,,,,,,7,Retail Manager,,,,,,,,,,10,,1,,,,,,,,,,,,,,15,,,,4,1,2,3,4,5,6,,1,,,,,,,1,6,2,6,1,6,6,,2,1,2,1,1,1,1,1,1,
377,1,1,2,1,1,5,5,1,3,1,,Which wich,Panera,Jason's Deli,Sticks,,3,2,3,1,1,2,2,2,3,,1,2,1,2,,,,,,,,,,7,,,,,,,,,,,,,,,,,,6,,,,10,11,12,,14,,16,,,2,1,2,3,,5,,,1,,,,,,,1,3,1,6,6,6,6,,2,2,2,2,1,2,2,1,3,
378,1,2,2,1,1,2,4,1,4,1,,Chipotle,Food for Thought,Panera,,,2,2,3,1,1,2,2,1,2,,1,2,3,2,3,,,,,,,,,7,Psychologist,1,,,,,,,8,9,10,"Softball, basketball, gymnastics",1,,,,,,,,,10,11,,,,15,16,17,,2,,2,,4,5,,,,,,4,,,,1,1,1,1,6,6,6,,3,4,4,3,3,3,3,4,2,
379,1,2,3,2,2,5,2,1,3,,,Lord Hardwicks,Riverside,The Nook,Eppies,Papa Johns,2,1,2,1,2,2,3,2,2,,1,3,2,2,0,0,0,,,,4,,,,,,,,,,,,,,,,1,,,,5,,,,,,11,,,14,,,,,2,1,,3,4,5,,,,2,,,,,,1,1,6,1,6,2,6,,3,2,4,2,2,3,3,2,2,
381,1,1,4,1,1,2,3,2,2,1,,noodles,sticks,chilis,ruby tuesday,panera bread,1,2,1,1,1,2,2,1,2,,1,2,1,1,,,,,,,,5,,,,,,,,,,,,,,,,,,,,6,,,9,,11,12,,14,15,16,,,3,1,2,3,4,5,,,1,,,,,,,1,3,,3,3,,,,2,3,2,2,2,3,3,2,3,
382,1,3,2,4,3,5,1,1,2,1,,Guadalajara,Chipotle,Beer Run,Papa Johns,Blue Mtn Brewery,,,,,,,,,,,,,,,,,,,,,,,,,,,,,,,,,,,,,,,,,,,,,,,,,,,,,,,,,,,,,,,,2,,,,,,1,1,1,1,1,1,1,,,,,,,,,,,
383,1,1,3,2,1,4,4,1,5,1,,Arbys,STICKS,five guys,noodles,jason deli,2,2,1,1,1,1,2,1,2,,2,2,2,2,2,,,,,,,,,7,,,,,,5,,,8,9,10,,1,,,,,,,,9,,,,,14,15,16,17,,4,,,,4,5,,,,,,,5,,,1,2,1,1,1,4,6,,2,1,2,1,1,1,2,1,2,
384,1,2,3,2,2,3,1,1,5,2,,Sticks,Mykonos Cafe,Lord Hardwick's,Logan's Roadhouse (Waynesboro),Otto's (Crozet),2,2,2,3,1,2,2,1,4,,2,3,2,2,0,0,0,,,,,,,7,Arts management/production,,,,,,,,,,,,1,,3,,,,,,,,,,,14,,,,,1,,,,,,,,,,,4,,,,1,4,6,1,6,6,6,,3,3,2,2,2,1,3,2,1,
385,1,2,3,2,2,1,4,1,3,1,,Sticks,Outback,Timberwood,,,1,1,1,1,1,1,1,1,2,,1,2,3,2,0,0,0,,,,,,,7,IT Programmer Analyst,,,,,,,,,,,no children,1,,,,5,6,,8,,,,12,,14,,16,,,1,,,,,,,,,,,4,,,,1,6,6,4,1,6,6,,1,2,1,1,1,1,1,1,2,
386,1,3,2,2,1,6,1,1,2,2,,Hibachi Grill,Milan,Royal Indian,Zazu,Christian's,2,2,1,2,1,2,3,1,3,,2,3,1,1,,,,,,,,,,7,,,,,,,,,,,,,,2,3,4,5,6,7,,9,,11,,,14,15,16,,,2,,2,3,,5,6,,1,,,,,,,2,,,,,,,,2,2,4,1,1,2,3,1,3,
387,1,1,4,2,1,5,1,1,2,1,,Pizza Hut,Christian's Pizza,Which Wich,Bel Air Market,Bang!,2,1,1,2,1,1,3,2,3,,2,2,2,2,0,0,0,,,,,,,7,,,,,,,,,,,,,1,,,4,5,6,,,,,11,,,14,,16,,,1,,,,,,,,1,,,,,,,2,,,,,,,,3,2,4,1,1,2,2,1,2,
388,1,2,3,2,2,3,6,1,1,1,,Richardson Cafe (Local Restaurant),Starbucks,Panera Bread,Sticks,Grecian Plate,2,1,1,1,1,1,2,1,2,,1,3,2,2,0,0,0,,,,,,,7,,,,,,,,,,,,,,,3,,,6,,,,10,11,12,,14,,16,,,2,,2,3,4,5,,,,,,4,,,,1,1,6,6,6,6,6,,2,2,3,2,2,3,3,2,2,
389,1,3,2,2,2,7,1,1,1,1,,Stick's,Jimmy John's,Christian's Pizza,Bodos,el Puerto,1,1,1,1,1,2,2,1,2,,1,2,1,2,2,0,0,,,,,,,7,sales  & marketing,,,,,,,,8,9,10,,,,,,,6,,,9,10,,,,,15,,17,,2,1,,,4,5,6,,,,,4,,,,1,6,1,6,1,6,6,,1,3,4,2,1,2,1,1,1,
390,1,2,2,2,1,3,2,,3,1,,Sticks,Chipotle,Guadalajara,Bonefish,Thai 99,2,2,1,2,1,1,2,1,2,,2,3,3,2,2,2,,,,,,,,7,,1,,,,,6,,,,,field hockey,1,,,,,,7,8,,,,,,14,15,,17,,1,,,,,,,,1,,,,,,,1,1,1,,1,,,,2,2,3,1,1,1,3,1,2,
391,1,1,4,2,1,1,3,1,4,1,,Superstars,Sticks,Mekong,Tazikis,Noodles and Company,1,1,1,1,1,2,2,2,3,,1,3,3,2,2,,,,,,,,,7,,,,,,,,,,,,"Ballet , Gymnastics",,,,,,,,,,,,,,,,,17,,2,1,2,3,4,5,6,love your FB promotions,,,,4,,,,1,6,3,6,1,6,6,,2,1,2,1,1,1,2,1,3,
392,1,2,4,1,2,2,1,3,4,1,,Chipotle,Zazus,Panera,Vivace,Bodos,2,1,1,1,1,2,2,2,2,,1,1,3,2,0,1,2,,,,4,,,,Retail,1,,,4,,,,,,,,1,,,,5,6,,,,,,12,,14,,,,,2,,2,3,4,5,,,1,,,,,,,1,1,1,1,1,,,,2,2,1,1,1,1,1,1,2,
393,1,1,4,2,1,7,5,1,1,2,,Panera,Tropical Smoothie,Sticks Kebobs,South of the Border,The Cove,2,2,1,1,2,2,2,2,2,,1,2,1,2,1,1,,,,,,,,7,,,,,,5,6,7,8,9,10,Field Hockey,,,,,5,6,,8,,10,11,12,,14,15,,17,,2,1,,,,,,,,,,4,,,,1,6,2,1,1,6,6,,2,2,3,1,1,1,1,2,3,
394,1,2,4,2,1,3,3,4,1,1,,Jason's Deli,Taco Bell,Panara Bread,Ukrops Deli,Pad Thaia,3,2,2,2,1,2,3,1,2,,1,3,3,2,0,0,0,,,,,,,7,,,,,,,,,,,,,1,,3,,,,,8,9,,,,,14,,,,,2,1,,3,,5,6,,,,,4,,,,1,1,1,6,6,6,6,,3,2,4,2,2,3,3,3,2,
395,1,1,2,2,2,1,1,1,4,2,,Sticks,Cookout,McDonalds,,,1,1,1,3,1,1,1,1,1,,1,3,2,1,0,0,0,,,,,,,7,,,,,,,,,,,,,,,,,,,,,,,,,,,,16,,,3,1,,,4,5,,,,,,4,,,next door,1,1,6,6,6,6,6,,1,1,3,1,1,1,1,1,1,
396,1,3,2,1,2,3,1,1,4,1,retired.....,Three Notched Grill,Stix,Brixx,Lime Leaf,Baja Bean,1,1,1,1,1,1,2,1,2,,1,3,3,1,,,NONE,,,,,,6,,flight attendant,,,,,,,,,,,,,,,4,,,,8,,,,12,,14,15,,,,1,,,,,,,,1,,,,,,,1,3,1,2,,6,6,,4,3,2,3,3,3,3,3,3,
397,1,2,3,2,3,,6,1,1,1,,Chipotle,Chick-fil-a,Cogan's,Moe's,Manhatten Bagel,1,1,1,2,1,2,2,2,2,,1,2,2,2,0,0,0,,,,,5,,,,,,,,,,,,,,,,,,,5,6,,8,,,,12,,14,15,16,,,2,1,,3,4,5,,,1,,,,,,,2,,,,,,,,3,3,2,1,3,3,3,3,6,
398,1,2,3,1,1,2,2,4,2,1,,Guadalajara,Asian Express,College Inn,Continental Divide,Monsoon Siam,2,2,2,4,1,2,2,1,1,,1,2,2,2,0,0,0,,,,,,,7,Restaurant server,,,,,,,,,,,,,,,,,,,,,,,,,14,15,16,,,1,,,,,,,,1,,,,,,,2,,,,,,,,2,4,3,1,3,4,4,2,3,
399,1,2,3,1,2,2,2,,5,2,,Shebeen,El Tepeyac,Eppie's,,,3,3,1,3,1,2,1,1,1,,1,2,3,2,0,0,0,,2,,,,,,,,,,,,,,,,,,1,,,4,,,,8,,,,,,14,,,,,3,1,2,3,4,5,6,,,,,4,,,,1,6,1,6,6,6,6,,3,4,2,1,2,2,4,3,2,
400,1,1,3,1,2,2,2,1,3,4,,Chick-fil-a,Cracker Barrel,Sticks,Noodles and Company,Ruby Tuesdays,2,2,1,1,1,1,2,1,1,,1,3,2,2,0,0,3,,,,,5,,,,,,,,,,,,,10,,1,,,,,,,,,,,,13,14,15,16,,knitting,4,1,,3,4,5,,email offer,1,,,,,,,1,6,1,6,6,6,6,,2,2,2,1,1,1,2,1,1,
401,1,1,3,2,2,5,1,1,4,,,Pizza express,Tiki tiki,Chik-fil-a,Mall food court,Caffespresso,1,1,1,1,1,2,2,1,1,,1,3,3,2,3,,,,,,,5,,,,1,2,3,,5,6,,8,,10,Univ. of richmond events,1,2,,,,,,,,,,,,14,15,,17,,3,1,,3,,5,,,1,,,,,,,1,6,1,6,6,6,6,,4,4,3,1,2,3,3,3,2,
402,1,2,2,2,1,1,2,3,3,1,,Bodo's,Take It Away,Burger King,Sticks,,1,1,1,1,1,1,1,1,1,,1,2,1,1,,,,,,,,,,7,,,,,,,,,,,,,1,,,,,,,,,,,,13,14,,16,,,2,1,2,3,4,5,6,,1,2,,4,,,,1,1,6,6,1,6,6,,1,2,1,1,1,2,2,1,1,
403,1,1,3,1,1,5,1,3,3,4,,Bodos,Hot Cakes,Einsteins,Orzo,Panera,1,1,1,1,1,2,1,1,1,,1,1,1,1,,,,,,,,5,,,Student,,,,,,,,,,,,,,,,,,,,,,,12,,,,,,,2,,,,4,5,6,,1,,,,,,,1,,1,,,,,,1,1,1,1,1,1,1,1,1,
404,1,2,3,1,2,5,1,1,2,,,Chick-fil-a,Chipolte,Sticks,,,2,2,1,1,1,2,2,1,2,,1,2,3,2,2,0,0,,,,,,,7,Healthcare,,,,,5,,7,8,9,10,,1,,,,5,6,,,,,,12,13,14,15,16,17,,4,1,2,3,4,5,,,1,,,,,,,1,2,1,6,6,6,6,,1,1,3,2,1,3,3,2,1,
406,1,1,4,1,1,4,1,1,5,,,Bodos,Jason's Deli,Bellair Market,Panera,Burton's,1,2,1,1,1,1,1,1,2,,1,1,2,3,,,,,,,,,,7,,,,,,,,,,,,,,,,,,,,,,,,,,14,15,16,,,2,1,2,3,4,5,,,,,,4,,,,1,6,6,1,1,6,6,,4,2,3,1,1,2,2,1,3,
407,1,4,4,2,2,1,1,3,5,2,,Sticks,Chickfila,Chipotle,Picola's Pizza,,2,2,2,1,1,2,2,1,3,,2,2,3,1,0,0,0,,,,,,,7,Analyst,,,,,,,,,,,,,,,,,,,,,,,,,,,,,Hockey/Floorball/Wiffleball,2,1,2,3,,5,,,,,,4,,,,1,5,5,5,5,6,6,,2,2,4,1,1,2,2,1,2,
408,1,2,2,2,2,6,1,1,2,2,,eppies,market st. market,sticks,baggbys,,2,2,1,1,1,2,2,1,2,,1,1,2,2,,,,,,,,,,7,,,,,,,,,,,,,,,,,5,,,8,9,,11,12,,14,,,,,1,,,,,,,,1,,,,,,,1,2,1,1,1,1,6,,2,3,3,1,2,2,2,3,2,
410,1,3,3,2,2,5,1,1,2,1,,burger king,zaxby's,new york deli,plaza azteca,cookout,2,1,1,1,1,1,1,1,2,,1,3,2,2,0,0,0,,,,,5,,,disabled,,,,,,,,,,,,1,,,,,,,,,,,,,14,,16,,,2,1,2,,4,5,,,,2,,,,,,1,1,6,6,1,6,6,,3,2,2,1,3,2,3,3,3,
411,1,1,2,2,2,5,2,1,2,1,,Panera,Noodles,Chick-fil-a,Sticks,Pierces,1,1,1,1,1,1,1,1,1,,,,,,,,,,,,,,,,,,,,,,,,,,,,,,,,,,,,,,,,,,,,,,,,,,,,,,,,,4,,,,1,6,1,6,6,6,6,,3,3,3,3,3,3,3,3,3,
412,1,2,2,1,2,3,5,,2,,,Sticks,Wendys,Cook Out,Chipotle,Noodles and Co,2,2,2,2,1,2,2,1,2,,1,3,3,2,,,,,,,,5,,,,,,,,,,,,,,,,,,,5,6,,,,,,,,,,,,,2,1,2,3,4,5,,,,2,,,,,,1,2,6,6,1,6,6,,3,2,3,1,1,1,1,1,,
413,1,3,4,1,2,4,3,1,3,1,,Panera,Cafe caturra,Desserterie,Bakers crust,Sticks,1,1,2,2,1,2,2,2,5,,1,2,2,2,,,,,,,4,,,,,,,,,,,,,,,,,,,,,6,,,,,,,,14,,16,,,2,1,2,3,4,5,,,,,,4,,,,1,1,1,6,6,6,6,,4,1,1,1,1,1,1,1,1,
414,1,1,4,2,1,5,1,1,4,1,,Tavola,Ten,C&O,Mas,Blue Light Grill,2,1,1,2,1,1,2,1,3,,2,3,3,2,0,0,0,,,,,,,7,Retired government,,,,,,,,,,,n/a,,,,,,,,,,,,,,14,15,,,"Pour at winery, classical music, read",1,,,,,,,,,,,4,,,,1,6,3,6,6,6,6,,2,4,1,1,4,1,3,1,3,
415,1,3,2,2,1,5,,2,3,,,Northside Grille,The Continental,O'Banks,Ruby Tuesdays,Varies,2,3,3,2,1,2,1,1,1,,1,3,2,1,0,0,0,,,,,,,7,,,,,,,,,,,,,,,,,,,,,,,,,,14,,,,,1,,,,,,,,1,,,,,,,1,6,6,6,6,6,6,,2,3,3,1,3,3,4,1,2,
416,1,2,2,1,2,7,3,1,3,1,,"Subway,Stick's,Lin Garden,Mekong",,,,,1,2,1,1,1,1,1,1,2,Strongly Prefer Healthy Menu Options. :D,2,2,2,2,,,,,,,,,,7,,,,,,,,,,,,,,,,,,,,,,,11,,,,,,,"Working Out, Walking..",1,,,,,,,,,2,,,,,,1,,1,,,,,,1,1,3,1,1,3,3,3,6,
417,1,2,2,2,3,6,4,3,3,1,,Chipotle,Sticks,Martins,New York deli,Food for tgought,1,3,1,1,1,1,1,1,1,,1,3,3,2,1,1,1,,,,,,,7,Dental,,2,,,,6,,,,,,,,,,5,,,,,,,,,14,,,,,3,,,,4,5,,,,,,4,,,,1,4,4,2,1,6,6,,1,1,1,1,1,1,1,1,1,
418,1,1,2,1,1,1,3,1,1,3,,El Vaquero,Subway,Fabio's,Stick's,Gordonsville BBQ,1,1,1,2,1,2,2,1,2,,1,3,2,2,1,,,1,,,,,,,,1,,,,,,,8,,10,Basketball,,,,,,,,,,,,,,14,15,,17,,2,,2,,,5,,,1,,,,,,,1,1,1,,,,,,4,3,3,1,2,3,,3,3,
419,1,2,4,2,1,2,3,3,2,2,,Subway,McDonald's,variety of independent sit down restaurants,,,1,1,1,2,1,1,1,1,1,,1,2,2,2,1,0,0,,,,,5,,,Please reconsider these types of questions to include non-professional occupations. It's really giving me the impression that's the only demographic you're trying to attract.,1,,,,,,7,8,9,10,"cultural events, art classes",1,,,,5,6,,,,10,11,,,14,15,16,17,,2,,2,3,,,,,,2,,,,,,1,6,1,1,6,6,6,,2,3,3,2,3,2,2,2,1,
420,1,2,2,2,2,2,2,1,3,1,,Stix,Little johns,Jimmy johns,,,1,1,1,1,1,1,1,1,1,,1,2,1,1,,,,,,,,,,7,,,,,,,,,,,,,1,,,,,,,,,,,,,14,15,,17,,2,,,,,5,,,1,,,,,,,1,4,3,3,3,6,6,,1,1,1,1,1,3,1,1,1,
421,1,2,3,3,3,2,1,5,2,1,,Sticks,Plaza Azteca,Chez Foushee,Starlite,Qudoba,2,2,2,3,1,2,2,1,2,,2,2,3,2,,,,,2,,,,,,,,,,,,,,,,,,1,,,,5,,,8,,,,,,14,,16,,,2,,,3,4,5,,,1,,,,,,,1,6,3,4,1,6,6,,3,3,3,1,1,1,2,1,2,
422,1,1,3,1,1,1,4,1,2,2,,Taco Bell,McDonalds,Pizza Hut,Wendys,Sticks,1,1,1,1,1,1,1,1,3,,1,3,1,2,,1,,,,,,,,7,HR,,,,,,6,,,,,,,,,,,,,,,,,12,13,,,,,,2,1,,,4,5,,,,,,4,,,,1,,1,,,,,,1,3,3,3,2,1,1,1,3,
423,1,1,4,2,2,6,6,1,1,1,,Tokoyo Rose,Sticks,Papa John's,Little John's,Chipotle,1,1,1,2,1,2,2,1,2,,2,3,1,1,0,0,0,,,,,,,7,,,,,,,,,,,,no children,,,,,,,,8,,,,,,14,15,,,,5,1,,,4,5,6,,1,,,,,,,1,1,6,1,6,6,6,,1,3,1,1,1,1,1,1,1,
424,1,2,2,1,2,1,5,1,2,1,,Sticks,Panera,Chipotle,Me Kong,Greek Grill,2,1,1,1,1,2,2,1,2,Vegetarian options,1,2,2,2,0,0,0,,,,,,,7,scientist,,,,,,,,,,,,,,,,,6,,,,,,12,,14,,,,Dog walking,2,,,3,,,,,1,,,,,,,1,2,6,6,6,6,6,,3,1,1,1,1,1,3,1,2,
425,1,2,2,1,1,6,6,1,1,1,"I work @ home, soooooooo......",Stix,Wright's Dairy Rite (Staunton),Bodo's,,,2,2,1,1,1,1,2,1,1,Needs to be different from what I cook and have available here in the Augusta County area.,1,3,2,2,,,1,,,,,5,,,Artist/Registered Nurse.,,,,,,,,,,10,"24 YO lives at home, he does Tough Mudders, yoga and fitness and has his own Tattoo shop and he is an artist as well.",1,,3,,,,,,,10,11,,,14,,,,"Play guitar, banjo, etc Read a lot. Arts and ceramics. My vocation is my avocation.",3,1,,,,5,,,1,,,,,,Heard about it on WNRN and then saw it when I drove by.,1,3,,,,,,,3,1,3,1,1,1,3,1,1,"No kabob shops here, except heard Harrisonburg has one now, but not with the ability to choose from sides, sauces, etc. that Sticks has."
426,1,3,2,2,2,6,1,1,3,1,,Mi Jalisco,Pho So 1,Jade,Thai Diner,Tip Thai,2,2,2,3,1,2,2,1,3,,1,2,3,2,1,,,,,,,,,7,Engineer,,,,,5,,,8,9,,,,,,,,,,,,,,,,14,,16,17,,1,,,,,,,,,,,4,,,,1,6,6,1,1,6,6,,4,2,3,2,1,6,2,2,6,
427,1,2,2,2,2,3,3,1,6,1,,panera bread,wich wich,jimmie johns,subway,sticks,1,1,2,3,1,2,1,1,3,,1,2,3,2,,,,,,,,,,7,Veterinary Practice Manager,,,,,,,,,,,,,,,,,6,,8,,10,,12,,,,,,dog training,1,,,,,,,,1,,,,,,,1,1,1,6,1,1,,,4,1,1,1,1,4,3,1,3,
428,1,2,2,1,1,2,6,1,2,1,,Tokyo Rose,Bodos,Sticks,Basil,El Tepeyac,2,2,2,2,1,1,1,1,1,,1,2,2,2,2,,,,,,,,,7,,1,,,,5,,7,8,9,10,,1,,,,5,6,,,,10,,,,14,15,16,17,,3,1,2,3,4,5,6,,,,,4,,,,1,1,6,1,1,6,6,,2,3,4,2,2,2,2,1,2,
429,1,3,4,2,2,5,1,1,4,1,,Bodo's Bagels,Panera,Mudhouse,Bellair Market,Little John's,1,2,1,1,1,1,2,2,2,,1,1,1,1,,,,,,,,,,7,Student,,,,,,,,,,,,1,,,,5,,,,,,,,,14,,,,,1,,,,,,,,1,,,,,,,2,,,,,,,,3,3,3,2,2,2,2,2,2,
430,1,2,2,3,2,3,3,1,4,1,,Arianas kebab,Revolutionary Soup,Panera,Oriental express,Sultans kebab,2,2,1,1,1,1,2,1,2,,1,2,1,1,0,0,0,,,,,,,7,,,,,,,,,,,,,,,,,,6,,,9,10,,12,,14,,,,Dancing,1,,,,,,,,1,,,,,,,2,,,,,,,,3,3,5,3,3,3,3,3,6,
431,1,2,4,2,2,3,,1,5,2,,Beer Run,Bellair Market,Burton's,Sedona,Timberwood,2,1,1,2,1,1,1,1,2,,1,3,3,2,0,0,0,,,,,,,7,,,,,,,,,,,,,1,,,,,,,,,,11,12,,14,15,16,,,1,,,,,,,,1,,,,,,,1,3,1,6,6,1,6,,3,2,2,1,3,3,4,3,3,
432,1,1,2,1,1,,6,,,,,Lord Hardwicke's (Ruckersville),Timberwood,Fabios (Ruckersville),Guadalajara (Forest Lakes),Sticks,2,2,2,2,1,2,2,2,2,,1,2,2,2,3,,,,,,,,,7,,,,,,,,,,,10,"Softball, t-ball, karate",,,,,5,6,,,,10,,,,14,15,,,,1,,,,,,,,1,,,,,,,1,2,,,,,,,1,1,1,1,1,1,1,1,1,
433,1,2,4,2,2,4,3,1,2,2,,Zaxbys,Tropical Smoothie,Sal's,Sticks,Chick Fil A,1,1,2,1,1,1,1,1,2,,1,3,3,2,,2,,,,,,5,,,,,,,,5,,,,,,Dance and Cross Country Runner,1,,,,,,,,,,11,,13,14,15,,17,,1,,,,,,,,,,,4,,,,1,3,6,1,6,6,6,,3,2,3,1,2,3,3,3,3,
434,1,3,2,2,3,6,1,1,3,1,,Vitos (lovingston),Sticks,Christians,Rev Soup,Just Curry,2,2,1,1,1,2,2,2,2,,2,2,3,2,1,,,,2,,,,,,,1,,,,5,,7,,,,,,,,4,,6,,8,,,,,,14,15,,17,,1,,,,,,,,1,,,,,,,1,6,3,6,1,6,6,,2,1,1,1,1,1,2,1,2,
435,1,2,1,2,1,1,3,1,3,1,,Sticks,Cogans,,,,1,1,1,1,1,1,1,1,1,,1,2,2,2,1,0,0,,,,,,,7,,,,,,,,,,,,,1,,3,4,5,,,,,,11,,,,15,,,,1,,,,,,,,1,,,,,,,1,5,6,6,6,6,6,,2,,2,1,2,1,2,2,2,
436,1,1,4,2,2,1,3,1,4,1,,Jasons Deli,Panera Bread,Chipotle,Sticks Kebob,Quiznos,1,1,1,1,1,1,2,1,3,,2,2,1,1,,,,,,,,,,7,Property Management,,,,,,,,,,,,,,,,,,,,,,,,,14,,,,,2,,2,3,4,,6,,1,,,,,,,1,2,6,6,6,6,6,,1,2,1,1,1,3,3,2,6,
437,1,3,2,1,1,4,4,1,2,1,,Shorty's,Ichaban,Pita Pit,Honeybutters,Applebee's,1,1,1,1,1,2,2,1,3,,1,2,2,2,0,0,0,,,,,5,,,,,,,,,,,,,,,1,,3,,5,6,,8,,10,,,13,14,15,16,,,1,,,,,,,,,,,4,,,,1,6,1,6,6,6,6,,3,3,4,1,3,3,2,1,3,
438,1,1,2,1,2,2,3,,2,3,,Panera,Chipotle,Noodles & Co.,Cathay Gourmet,Little Caesars,1,2,1,2,1,2,2,1,3,,1,3,2,2,,2,,,,,,,,7,,1,,,,5,6,,,,,field hockey,1,,,,,,,8,,,,,,,,,,,2,1,2,3,,,,,,,,4,,,,1,1,6,6,6,6,6,,3,3,4,2,1,2,2,2,6,
439,1,2,2,2,2,4,1,1,3,1,,Bodo's,Jak n' Jill,,,,1,1,1,1,1,1,1,1,1,,2,2,3,2,2,,4,,,,,,,7,,1,,,,,,7,,9,10,,,,,,5,6,,,,,,,,14,15,,,,1,,,,,,,,,,,4,,,,1,,1,,,,,,3,3,4,3,3,3,3,3,6,
440,1,3,2,1,2,2,3,1,1,4,,Blue Ridge Pig,Cracker barrel,Vito's Italian Restaurant,,,2,1,1,1,1,2,2,1,1,,1,2,3,2,2,0,0,,,,,5,,,,1,,,,5,6,,8,9,,,1,,3,,5,6,,,,10,,12,,14,15,16,17,,3,,2,3,4,5,,,1,,,,,,,1,1,1,6,6,6,6,,3,2,1,1,1,1,1,1,1,
441,1,3,4,3,3,5,1,1,3,2,,El Jaripeo,McDonald's,Riverside Lunch,Wendy's,Chipotle,,,,,,,,,,,1,3,2,2,3,0,0,,,,,,,7,,1,,,,5,,,,,,,,,,,,,,,,,,,,14,,,,,2,1,,,4,,,,,,,,,,,,,,,,,,,,,,,,,,,,
442,1,3,4,1,1,3,6,1,1,1,,Anna's Pizza,Jalapenos,Sals,Sticks,Zaxbys,1,1,1,1,1,1,1,1,1,Vegetarian Options are very important,1,3,2,2,0,1,0,,,,,,,7,,,,,,,,,8,,,Dance,1,,,,5,,,8,,,,,,14,,16,17,,2,,2,3,4,5,6,,1,,,,,,,1,2,6,6,6,6,6,,3,2,2,1,2,3,3,3,3,
443,1,3,4,1,1,3,1,1,4,1,,Sticks,Qodba / chipotle,Mekong,Thai diner two,Jason's deli,5,5,2,2,1,2,2,1,3,,1,2,3,2,2,,,,,,,,,7,,1,,,,,,,,,,Teeball and gymnastics,,,,,,,,,,,,12,,14,15,,17,,2,,,,,5,,Restaurants website,,,3,,,,,1,5,6,6,6,6,,I stop in a get hummus to go all the time.,4,3,3,3,2,3,3,1,3,
444,1,3,4,1,1,4,4,1,1,3,,Chick fila,Sticks,Arby's,,,1,1,1,1,1,1,1,1,1,,1,2,1,2,0,0,0,,,,,5,,,Dental hygienist,,,,,,,,,,,,1,,3,,,6,,8,9,10,11,12,,,,16,,,2,,2,,4,,,,,,,4,,,,1,1,6,1,1,6,6,,1,1,1,1,1,1,1,1,1,
446,1,1,2,2,2,4,1,1,4,1,,Panera,McAlisters deli,Sticks,,,1,1,1,1,1,1,1,1,2,,1,3,2,2,,1,,,,,,,6,,,,,,,,,,,,10,Volleyball,,,,,,,,,,,,,,,,,,,2,,,,4,5,,,1,,,,,,,1,,,3,,,,,3,3,3,1,3,3,3,3,3,
447,1,2,3,2,2,3,4,1,2,2,,Bluegrass Grill,Timberwood Grill,Sticks Kebob Shop,Bonefish Grill,Sakura,1,1,1,1,1,2,2,1,2,,,,,,,,,,,,,,,,,,,,,,,,,,,,,,,,,,,,,,,,,,,,,,,,,,,,,,,,,4,,,,1,3,1,6,6,6,6,,3,3,3,2,2,2,2,1,3,
448,1,3,2,1,1,4,1,1,3,1,,Chick fil a,Sticks,Chinese,,,1,2,1,1,1,1,1,1,1,,1,2,2,2,1,,,,,,,,,7,,,,,,,,,8,,,tball,,,,,,,,,,,,,,14,,,17,,1,,,,,,,,,,,4,,,,1,4,1,6,6,6,6,,1,2,2,1,1,1,1,1,1,
449,1,1,2,2,2,,4,,,,,Raising Canes,Starbucks,Stix Kebob Shop,,,2,2,2,2,1,2,2,1,6,,1,3,2,2,0,0,0,1,,,,,,,,,,,,,,,,,,,,,,,5,,,8,9,,,,,,,,,,1,,,,,,,,1,,,,,,,1,1,6,6,6,6,6,,2,2,2,2,1,2,2,2,6,
450,1,2,4,2,2,1,1,1,3,3,,Sals Lake Monticello,Lake Bistro,Applebees,Sticks,Subway,1,1,1,1,1,1,1,1,1,,2,3,2,2,1,,1,,,,,,,7,,1,,,,,6,,,,,,1,,,,,,,,9,,,,,14,,,17,,2,,,,4,5,,,,,,4,,,,1,2,6,6,6,6,6,,3,1,1,1,1,1,3,1,1,
452,1,2,4,2,1,5,2,1,3,1,,Subway,Various pizza places,Panders,Wendy's,,2,2,2,2,1,2,2,2,3,,1,3,3,2,,2,,,,,,5,,,,,,,,5,6,7,8,,10,,,,,,5,,,8,,10,,,13,,15,16,,,2,1,2,,,,,,,2,,,,,Radio 106.1,2,,,,,,,,5,2,3,1,1,3,3,2,1,
453,1,2,4,1,1,4,1,1,4,2,,Sticks,Mas,Tavola,Beer Run,,1,,,1,,,1,,,,2,2,2,2,,,,,,,4,,,,,,,,,,,7,,,,,,,,,,,,,,,11,12,,,,,,,2,1,,3,,5,,,,,,4,,,,1,1,,2,,,,,,,5,,1,,,1,,
454,1,2,4,2,2,,5,,2,,,chik-fil-a,5 Guys,sticks,,,2,3,1,2,1,2,2,2,2,,1,1,2,2,,,,,,,,,,7,Administrative assistant,,,,,,,,,,,,,,3,4,5,6,,8,,10,,12,,,,,,,3,,,,4,5,,,1,,,,,,,1,1,,,1,,,,3,3,4,2,3,3,3,3,3,
455,1,1,3,2,2,1,4,1,3,,Ate lunch served at a meeting twice,Christian's pizza,Bodo's,revolutionary soup,Continental divide,Sticks,2,2,4,2,1,2,2,4,2,"Vegetarian options, local foods",1,2,3,2,0,0,0,,,,,5,,,,,,,,,,,,,,,1,,,,5,6,,8,,10,11,,,14,,16,,,1,,,,,,,,1,,,,,,,1,6,3,6,6,6,6,,3,2,2,1,2,2,3,3,3,
456,1,1,4,2,1,7,1,1,1,1,,Carrabas,Subway,Ruby Tuesday,Sticks,Victoria,2,2,1,1,1,2,2,1,3,,2,4,2,2,0,0,0,,,,,5,,,Retired educator,,,,,,,,,,,,,,3,,,6,,8,,,11,,,,,16,,,1,,,,,,,,,,,4,,,,1,6,3,6,6,6,6,,3,4,2,4,2,1,4,1,3,
457,1,3,4,2,2,3,5,2,1,1,,Starbucks,Christian's Pizza,Sticks,Kabuto,East Garden,2,2,1,1,1,2,2,1,2,,2,3,3,2,2,,,,,,,5,,,,,,,4,,,7,8,,10,,,,,,,6,,,,,,,,14,,,17,,2,,,,4,5,,,,,,,5,,,1,6,2,6,1,6,6,,3,4,2,1,2,3,3,2,3,
458,1,3,2,1,2,2,3,,3,3,,bodos,sticks,cafe at monticello (work),Whole Foods,,2,2,2,2,2,2,2,2,2,,1,3,2,1,0,0,0,,,,,,,7,,,,,,,,,,,,,1,,,,,,,,,,,,,14,,16,,,1,,,,,,,,1,,,,,,,1,,3,,,,,,2,1,1,1,1,3,3,1,2,
459,1,1,3,2,2,,5,1,2,1,,Chipotle,Bodos,Sticks,Little Johns,Subway,1,2,1,3,1,2,2,1,3,,1,1,1,1,,,,,,,,,,7,Student,,,,,,,,,,,,1,,,,5,,,,,,,,,,15,,,,3,1,2,3,4,5,6,,,,,4,,,,1,3,3,6,2,6,1,,1,2,1,2,1,2,1,1,1,
460,1,1,2,1,1,1,1,3,3,2,,Sticks,Applebees,Red Lobster,Tip Top,Sams Kitchen,2,2,1,2,1,1,2,1,2,,1,3,2,2,,,,,,,,,,7,,,,,,,,,,,,,,,3,,,,,,,,,,,,15,,,,2,1,2,3,,5,6,,1,,,,,,,1,,,,2,6,6,,1,1,1,1,1,1,1,1,1,
461,1,1,1,1,1,4,4,1,2,1,,Mona Lisa Pizza,Panera,Chipotle,Sticks,Ace Biscuit,1,2,2,1,1,2,3,1,3,,2,2,1,1,,,,,,,,5,,,,,,,,,,,,,,,,,,,,6,,,,,11,,,,,,,,1,,,,,,,,,,,4,,,,1,,4,,,,,,1,3,3,2,2,2,2,1,2,
462,1,2,3,1,1,2,2,1,1,1,,Chic fila,Chipotle,Panera,Tropical smoothie,Bonefish grill,1,2,2,1,1,1,2,1,3,,1,2,1,1,0,0,0,,,,,,,7,,,,,,,,,,,,,,,,,,,,8,,,,,,14,15,16,,,2,,,,4,5,,,,,,4,,,,1,3,,2,,,,,3,3,3,2,3,3,2,1,1,
463,1,3,3,1,1,6,6,6,6,6,,Thai top 10,Mamas kitchen,Chick fil a,IHOP,Mikes,1,1,1,1,1,1,1,1,1,,2,1,3,1,,,,,,,4,,,,,1,,,,,,,,,,,,2,,,,,,,,,,,,,,,,,1,,,,,,,,1,,,,,,,1,1,1,1,1,1,1,,1,1,1,1,1,1,1,1,1,
466,1,1,4,2,1,1,2,1,5,,,Panera,India K Raja,Thai Diner,Qdoba,Jason's Deli,1,1,1,1,1,2,2,1,2,,,,,,,,,,,,,,,,,,,,,,,,,,,,,,,,,,,,,,,,,,,,,,,,,,,,,,1,,,,,,,1,1,1,6,6,6,6,,3,2,3,1,1,3,3,2,3,
467,1,2,2,2,3,3,4,1,3,1,,McDonalds,Woodgrill,Hibachi Grill,Wendys,Sticks,1,2,1,2,1,2,2,1,3,,2,2,2,2,2,,,,,,,,,7,IT,,,,,,,,,,10,,,,,,5,,,8,,,,,,14,15,,17,,2,1,,,,,,,1,,,,,,,2,,,,,,,,3,3,4,1,1,3,3,3,6,
468,1,1,1,1,1,6,1,1,3,1,,Moe's,Chic fila,Wendy's,,,1,1,1,1,1,1,1,1,1,,1,2,2,2,1,1,,,,,,,,7,Financial Director,,,,,,,,8,9,,baseball,,,,,5,,,,,,,,,,,,17,,4,1,,3,4,5,,,1,,,,,,,1,6,1,6,6,6,6,,2,2,4,3,3,3,3,3,3,
469,1,2,1,2,3,2,5,,2,2,,Chick-Fil-A,Pizza,Shorty's,Olive Garden,Pierces,1,1,1,2,2,2,3,1,3,,1,3,2,2,,1,,,,,,,,7,,,,,,,6,,8,,,,,,,,,,,8,,,,,,14,,16,,reading,5,1,,3,4,5,6,,,,,4,,,,1,1,1,6,1,1,6,,3,3,4,,2,3,3,3,6,
470,1,2,4,2,2,2,2,6,6,2,,Sticks,Applebees,Mcdonalds,Arbys,Mexican,1,1,1,1,1,1,1,1,1,,1,2,1,1,1,,,,,,,,,7,student,,,,,,,,8,,10,baseball/ballet,1,,,,,,,,,,,,,,,,17,,4,1,2,3,4,5,,,1,,,,,,,1,3,,2,2,6,2,,1,1,1,1,1,1,1,1,1,
471,1,2,2,2,2,1,1,4,3,1,,McDonald's,Red Lobster,Sticks,Applebee's,Guadalajara,2,2,1,3,1,1,2,1,2,,1,2,1,2,2,0,0,,,,,,,7,Medical Coder,,2,,,,,,8,9,,,1,,,,,,,,,,,,,14,,,17,,2,1,,,,5,6,,1,,,,,,,1,3,6,,1,6,6,,3,4,4,1,2,3,3,2,2,
472,1,2,4,2,2,1,1,1,6,1,,Bodo's,Sticks,Chipotle,Zazus,Duners,3,3,2,2,2,2,2,2,2,,2,4,3,2,,,1,,,,,5,,,,,,,,5,,7,,,10,,,,,,,6,,8,,,,,,14,15,16,,Travel,3,1,,,4,5,,UVa athletic team rosters (basketball),,,,4,,,,1,1,4,1,1,6,6,,4,3,3,3,2,3,3,3,2,
473,1,2,2,2,2,5,1,1,3,,,sticks,greek grille,,,,1,2,2,2,2,2,2,2,1,,1,3,3,2,,3,,,,,,,,7,,,,,,,,,8,9,,,1,,,,,,,8,,,,,,14,,16,,,2,1,2,3,,5,,,,,,4,,,,1,5,3,6,6,6,6,,2,2,2,2,2,2,2,2,2,
474,1,1,2,2,1,7,,,7,,,Christians Pizza,Sticks Kabob Shop,Nami,Savour,Bonefish Grill,1,1,1,1,1,1,1,1,1,,1,3,3,1,,,,,,,,5,,,UVA Project Director,,,,,,,,,,,,,,,,,,,,9,,11,12,,14,,16,,,2,,2,,,5,,,1,,,4,,,,1,3,1,,,,,,1,1,1,1,1,1,1,1,1,
475,1,2,2,2,2,1,2,1,5,2,,sticks,maya,hamiltons,zocalo,mcdonalds,1,1,1,1,1,1,1,1,1,,2,3,2,2,2,,,,,,,,,7,manager,1,,,,5,6,,,,10,,,2,,,,,7,8,,,11,12,,14,15,,,,2,1,,,4,,6,,,,,,5,,,1,4,,3,2,1,6,,1,1,1,1,1,1,1,1,1,
476,1,2,4,2,1,1,2,1,5,1,,Christian's Pizza,Sticks,Cafe 88,Five Guys,Chipotle,2,1,1,1,1,1,2,1,3,,2,2,1,2,0,0,0,,,,,,,7,,,,,,,,,,,,,,,,,,,,,,,,,,,,,,,1,,,,,,,,1,,,,,,,1,5,6,6,6,6,6,,3,1,2,,1,1,2,1,2,
477,1,3,4,2,1,1,4,1,3,1,,Bodo's Bagels,Panera Bread,Sticks,Christian's Pizza,Five Guys,1,1,1,2,1,1,2,1,2,,2,2,1,1,,,,,,,,,,7,Purchasing Specialist at Medical Manufacturer,,,,,,,,,,,,1,2,,,5,6,7,,,10,,,,14,15,16,,,1,,,,,,,,,,,4,,,,1,2,6,,,6,6,,1,3,3,3,1,1,1,1,3,
478,1,3,3,2,2,,5,,,2,,Bonefish,sticks,bodos,outback,,1,1,1,1,1,1,1,1,1,,1,3,2,2,,,1,,,,,,,7,Dietitian,,,,,,,,,,,PVCC,1,,,,5,,,,,,,,,14,,16,,,3,1,,,4,,6,,1,,,,,,,1,6,6,,1,1,,,4,1,2,1,1,1,3,1,,
479,1,2,2,2,2,7,1,1,2,1,,Sticks,Wendy's,MacDonald's,Thai 99,Chic fil a,2,2,1,1,1,2,2,1,2,,1,4,1,1,0,0,0,,,,,5,,,,,,,,,,,,,,,1,,,,,,,8,,,,12,,,,,17,,4,1,,3,4,5,6,,,2,,,,,Club Red,1,3,4,4,5,6,6,,3,1,1,1,1,1,1,1,2,
480,1,1,4,1,2,1,5,1,3,1,,Bodos,Cafe Cubano,Beer Run,Fellini's,,1,2,1,1,1,1,1,1,1,,1,3,2,1,,,,,,,,5,,,,,,,,,,,,,,,,,3,,,,,8,,,,,,14,,,,,1,,,,,,,,1,,,,,,,1,6,1,6,6,6,6,,1,3,1,1,2,1,2,1,1,
481,1,1,4,1,1,1,2,1,5,1,,panera,sticks,chick fil a,subway,,2,2,1,1,1,2,2,2,2,,1,3,1,2,,2,,,,,,,,7,lawn care sales,,2,,,,6,,,,10,,,,,,,,,,,,,,,14,15,,17,,3,1,2,,4,5,,,1,,,,,,,1,3,1,1,1,6,6,,3,3,3,2,2,3,3,2,3,
482,1,1,3,2,2,1,1,1,1,1,,Sticks,Sticks,Sticks,Sticks,Sticks,1,1,1,1,1,1,1,1,,,1,2,2,2,2,,,,,,,,,7,Gm,,,,,,,,8,9,10,,,,3,,,,,,9,,,,,14,,16,17,,5,1,2,,4,5,,,1,,,,,,Work there,1,5,5,5,5,5,5,,1,1,1,1,1,1,1,1,1,
